id,language,currentEducation,experienceYears,interest_list,skill_list,learningResource_list,tools_list
05bad4a0-5d10-4b4f-ab27-0e54403bdda4,English,Elementary,1,"['Cognitive Computing', 'Neural Networks', 'AI in Finance', 'AI in Education', 'AI for Games', '', 'AI Planning and Optimization', 'Robotics', 'Reinforcement Learning', 'Deep Learning', 'Recommender Systems', 'Generative AI', 'Natural Language Processing', 'Expert Systems']","['Recommender Systems', 'AI in Education']","['Stanford Online', 'Harvard Online', 'MIT OpenCourseWare', 'edX', 'YouTube', 'Coursera', 'GitHub', '', 'Kaggle', 'Udemy', 'DeepLearning.ai']","['DataRobot', 'Microsoft Azure AI', 'OpenAI GPT', 'IBM Watson', 'TensorFlow', 'OpenCV', 'Keras', 'Weka', 'Scikit-learn', 'RapidMiner', 'BigML', '']"
05cd7644-56a9-4de9-83b2-37909a575869,Thai,Master Degree,4,"['Speech Recognition', 'AI in Finance', 'AI Ethics', 'Recommender Systems', 'Cognitive Computing', 'AI in Education', 'Generative AI', 'Expert Systems', 'Natural Language Processing', 'Deep Learning', 'Machine Learning', 'Robotics', 'Computer Vision', 'Neural Networks', 'Autonomous Vehicles']","['Neural Networks', 'Reinforcement Learning', 'Natural Language Processing', 'AI Planning and Optimization', 'Cognitive Computing', '', 'Robotics', 'Expert Systems', 'Computer Vision']","['Udemy', 'YouTube', 'edX', 'DeepLearning.ai', 'Kaggle', 'GitHub', '', 'Stanford Online', 'MIT OpenCourseWare', 'Google AI', 'Coursera']","['PyTorch', 'Amazon SageMaker', 'RapidMiner', 'Scikit-learn', 'OpenCV', 'Weka', 'TensorFlow', 'DataRobot', 'Microsoft Azure AI', 'OpenAI GPT', 'Keras']"
06a5167b-429c-40d7-af95-8c08e3ae8d3c,Mandarin,Undergraduate Degree,3,"['AI in Education', 'Cognitive Computing', 'Autonomous Vehicles', 'Deep Learning', 'AI for Games', 'AI in Finance', 'Machine Learning', 'Robotics', 'Recommender Systems', 'Expert Systems', 'Computer Vision', 'AI Planning and Optimization', 'Generative AI', 'AI Ethics']","['Deep Learning', 'Cognitive Computing', 'Recommender Systems', 'AI in Education', 'AI in Healthcare', 'Neural Networks', 'AI Planning and Optimization', 'Speech Recognition']","['DeepLearning.ai', '', 'Coursera', 'MIT OpenCourseWare']","['Weka', 'Hugging Face Transformers', 'Keras', 'OpenAI GPT', 'Microsoft Azure AI', 'DataRobot']"
0a7c5ce8-da53-4462-98b4-15b48159a72c,Arabic,Undergraduate Degree,3,"['Recommender Systems', 'AI Planning and Optimization', 'AI for Games', 'Neural Networks']","['Autonomous Vehicles', '', 'Cognitive Computing', 'Deep Learning', 'Generative AI', 'Machine Learning', 'Expert Systems']","['MIT OpenCourseWare', 'Stanford Online']","['Scikit-learn', '', 'Weka', 'Microsoft Azure AI', 'PyTorch', 'Google Cloud AI', 'OpenCV', 'RapidMiner', 'DataRobot', 'BigML', 'OpenAI GPT']"
0d1bfc79-4a6b-453c-a275-66924a1c8b5e,Portuguese,Master Degree,4,"['Expert Systems', 'Generative AI', 'Computer Vision', 'AI in Finance', 'Natural Language Processing', 'AI for Games', 'Cognitive Computing', 'AI Planning and Optimization', 'AI in Healthcare', 'AI Ethics', 'Deep Learning', 'Speech Recognition', 'Recommender Systems']","['Robotics', 'Reinforcement Learning', 'Natural Language Processing', 'AI in Finance', 'Neural Networks', 'Autonomous Vehicles', 'AI in Education', 'Deep Learning', 'Generative AI']","['GitHub', 'Stanford Online']","['RapidMiner', '', 'OpenAI GPT', 'TensorFlow', 'Google Cloud AI', 'BigML']"
0db9f31f-2cf0-43e3-a019-301e94135edf,Greek,Elementary,1,"['Cognitive Computing', 'Deep Learning', 'AI in Healthcare', 'AI Planning and Optimization', 'Robotics', 'Speech Recognition', 'Autonomous Vehicles']","['Neural Networks', 'Cognitive Computing']","['edX', 'MIT OpenCourseWare', '', 'Google AI', 'Udemy', 'DeepLearning.ai', 'Harvard Online', 'Stanford Online', 'GitHub', 'YouTube', 'Kaggle']","['IBM Watson', 'PyTorch', 'Weka', 'RapidMiner', 'OpenAI GPT', 'Microsoft Azure AI', 'OpenCV', 'Keras', 'Hugging Face Transformers', 'BigML']"
0f7fa6be-7004-401c-ae65-75dd7bbfb47b,Japanese,Master Degree,4,"['Autonomous Vehicles', 'Cognitive Computing', 'AI in Education']","['AI Ethics', '', 'Generative AI', 'AI for Games', 'Neural Networks', 'AI in Education', 'Speech Recognition', 'Robotics', 'Reinforcement Learning']","['Udemy', 'GitHub', 'Coursera', 'Harvard Online', 'YouTube', 'DeepLearning.ai', 'MIT OpenCourseWare']","['Weka', 'OpenAI GPT', 'BigML', 'Google Cloud AI', 'TensorFlow', 'Keras', 'OpenCV', 'IBM Watson', 'DataRobot']"
107262b0-8e71-4d09-9707-4a0409214dbe,Polish,Middle School,2,"['Recommender Systems', 'Robotics', '', 'Expert Systems']","['AI Ethics', 'Neural Networks', 'Deep Learning', 'Speech Recognition']","['', 'YouTube', 'MIT OpenCourseWare', 'Google AI', 'Stanford Online', 'DeepLearning.ai', 'Kaggle']","['Hugging Face Transformers', 'IBM Watson', 'DataRobot', 'BigML']"
12664aa9-79e9-4a96-99a7-71c0f9c5565b,German,Middle School,2,"['Machine Learning', 'AI Planning and Optimization', '', 'Autonomous Vehicles', 'Neural Networks', 'Speech Recognition', 'AI in Education', 'Reinforcement Learning', 'AI for Games', 'Generative AI', 'Deep Learning']","['AI Ethics', 'Autonomous Vehicles', 'Robotics', 'AI for Games']","['Harvard Online', 'Stanford Online', 'GitHub', 'edX', 'Udemy', 'Kaggle', 'YouTube', 'MIT OpenCourseWare', '', 'DeepLearning.ai']","['Amazon SageMaker', 'Microsoft Azure AI', 'IBM Watson', 'DataRobot', 'Hugging Face Transformers', 'Weka', 'RapidMiner', 'PyTorch']"
152d8821-cddb-440b-b28d-35373fc7263b,Turkish,University,2,"['Speech Recognition', 'Autonomous Vehicles', 'AI Ethics', 'Recommender Systems', 'AI in Healthcare', 'Natural Language Processing', 'Reinforcement Learning']","['Neural Networks', 'Computer Vision', 'Expert Systems', 'AI in Healthcare', 'AI Ethics', 'Cognitive Computing']","['MIT OpenCourseWare', 'Google AI', 'edX', 'Coursera', 'Stanford Online', 'GitHub', 'Harvard Online', 'Udemy', '']","['PyTorch', 'DataRobot', 'OpenAI GPT', 'RapidMiner', 'TensorFlow', 'Keras']"
173e866b-2c3e-4f43-81ee-54814778161e,Swedish,Elementary,1,"['Neural Networks', 'AI Planning and Optimization', 'Autonomous Vehicles', 'AI for Games', 'Generative AI', 'AI Ethics', 'Recommender Systems', 'AI in Education', 'Cognitive Computing', 'AI in Healthcare', '', 'Reinforcement Learning', 'Machine Learning', 'Expert Systems', 'Deep Learning', 'Speech Recognition', 'Computer Vision', 'Natural Language Processing', 'Robotics']","['Reinforcement Learning', 'Cognitive Computing']","['', 'GitHub', 'Harvard Online', 'Coursera']",['PyTorch']
185341c0-315e-4cf8-85d6-171434c762fd,Arabic,Elementary,1,"['', 'Deep Learning', 'Computer Vision', 'AI in Education', 'AI for Games', 'Neural Networks', 'Robotics', 'Cognitive Computing', 'Reinforcement Learning', 'AI in Finance', 'Expert Systems', 'Recommender Systems', 'AI Ethics', 'Speech Recognition', 'Autonomous Vehicles', 'AI in Healthcare', 'Machine Learning', 'Natural Language Processing']","['AI for Games', 'Computer Vision']","['edX', 'GitHub', 'Harvard Online', 'YouTube', '', 'DeepLearning.ai', 'Stanford Online', 'Coursera']","['RapidMiner', 'IBM Watson', 'Microsoft Azure AI', 'Scikit-learn', 'OpenCV', 'OpenAI GPT', 'PyTorch', 'BigML', 'Google Cloud AI']"
1a746428-ede7-4a96-bfbb-1163cd5faa4a,Spanish,Middle School,2,"['Recommender Systems', 'Generative AI', 'AI in Education', 'Deep Learning', 'Autonomous Vehicles', 'AI in Healthcare', 'AI for Games', 'Expert Systems', 'Machine Learning', '', 'AI Planning and Optimization', 'Natural Language Processing']","['Robotics', 'Machine Learning', 'Speech Recognition', 'Deep Learning']","['edX', 'MIT OpenCourseWare', 'Harvard Online', 'GitHub', 'DeepLearning.ai', 'Google AI']","['PyTorch', '', 'Hugging Face Transformers', 'Keras', 'RapidMiner', 'BigML', 'IBM Watson', 'Google Cloud AI']"
1e036965-f8f4-405d-ae5e-40a887bcddaa,Thai,Middle School,1,['AI in Healthcare'],"['AI in Healthcare', 'AI Ethics', 'AI in Education']","['Coursera', 'Harvard Online', 'edX', '', 'Stanford Online', 'DeepLearning.ai', 'Kaggle', 'GitHub', 'Google AI', 'MIT OpenCourseWare', 'Udemy']","['BigML', 'IBM Watson', 'Amazon SageMaker', 'Scikit-learn', 'TensorFlow', 'RapidMiner', 'Microsoft Azure AI', 'Weka']"
20034b71-437b-4792-abbc-68ec02023b48,Dutch,Middle School,1,"['Reinforcement Learning', 'Expert Systems', 'AI Ethics', 'Generative AI', 'Autonomous Vehicles', 'AI in Finance', 'Cognitive Computing']","['Natural Language Processing', 'Deep Learning', 'Speech Recognition']","['DeepLearning.ai', 'GitHub', 'Kaggle']",['Weka']
20819363-ba37-411e-8b23-24693c2dbd4e,Italian,Undergraduate Degree,3,"['AI for Games', 'Reinforcement Learning', 'Neural Networks', 'Generative AI', 'Robotics', 'AI Ethics', 'Deep Learning', 'AI in Healthcare', 'Recommender Systems', 'Computer Vision', '', 'AI in Finance']","['Expert Systems', 'Neural Networks', 'AI for Games', 'Deep Learning', 'Speech Recognition', 'AI in Healthcare', 'Natural Language Processing']","['MIT OpenCourseWare', 'DeepLearning.ai', '', 'Udemy', 'Stanford Online']","['', 'Microsoft Azure AI', 'OpenAI GPT', 'BigML', 'OpenCV', 'Amazon SageMaker', 'Weka', 'IBM Watson', 'Scikit-learn', 'Google Cloud AI', 'Hugging Face Transformers', 'Keras', 'PyTorch']"
274e5780-8ae7-48a4-88d7-09ca1fdbffb9,French,University,2,"['AI for Games', 'Natural Language Processing', 'Neural Networks', 'AI Planning and Optimization', 'AI Ethics', '', 'Speech Recognition', 'AI in Finance', 'Cognitive Computing', 'Deep Learning', 'Autonomous Vehicles', 'Computer Vision', 'Machine Learning', 'AI in Education']","['Natural Language Processing', 'Speech Recognition', 'Deep Learning', 'AI Planning and Optimization', 'Autonomous Vehicles', 'Reinforcement Learning']","['edX', 'MIT OpenCourseWare', 'Google AI', '', 'DeepLearning.ai']","['RapidMiner', 'Google Cloud AI', 'IBM Watson', 'PyTorch', 'Keras', 'Amazon SageMaker', 'Scikit-learn', 'Hugging Face Transformers', 'Weka', 'OpenCV', '', 'OpenAI GPT', 'DataRobot', 'BigML', 'Microsoft Azure AI']"
2a6cb0e2-dcc2-472a-a9e8-fa494c0e3c52,Turkish,Middle School,2,"['Robotics', 'Generative AI', 'Natural Language Processing', 'AI in Healthcare', 'Reinforcement Learning', 'AI Planning and Optimization', 'AI for Games', 'AI in Finance', 'AI in Education', 'Expert Systems']","['Deep Learning', 'AI Ethics', 'Generative AI', 'Robotics']","['Stanford Online', 'Udemy', 'Google AI', 'Coursera', 'MIT OpenCourseWare', 'YouTube', 'edX']","['Microsoft Azure AI', '']"
2b352ec2-423d-43bc-9d83-c8cde689984e,Dutch,Master Degree,4,"['AI in Education', 'AI Ethics', 'Cognitive Computing', 'AI for Games', 'Deep Learning', 'Reinforcement Learning']","['Autonomous Vehicles', 'Recommender Systems', 'AI in Education', 'AI in Finance', 'Reinforcement Learning', 'Natural Language Processing', 'Neural Networks', 'Speech Recognition', 'AI in Healthcare']","['Udemy', 'Stanford Online', 'YouTube', 'Kaggle']","['Google Cloud AI', 'DataRobot', 'Keras', 'Microsoft Azure AI', 'TensorFlow', 'Amazon SageMaker', 'Scikit-learn']"
2ce37f50-e9a0-475e-9a3a-3128e749e955,Italian,Middle School,1,"['Autonomous Vehicles', 'Robotics']","['AI in Finance', 'AI for Games', 'Recommender Systems']","['Coursera', 'MIT OpenCourseWare', 'DeepLearning.ai', 'YouTube', 'Stanford Online']","['Keras', 'Weka', '', 'Hugging Face Transformers', 'RapidMiner', 'OpenCV', 'DataRobot', 'IBM Watson', 'BigML', 'Amazon SageMaker', 'Google Cloud AI', 'Microsoft Azure AI', 'OpenAI GPT']"
2cec9ffb-c441-4738-b777-6a3ebdcff692,Vietnamese,Undergraduate Degree,3,"['Generative AI', 'Computer Vision', 'Autonomous Vehicles', '', 'AI Ethics', 'AI in Education', 'Cognitive Computing', 'Speech Recognition', 'Expert Systems']","['Reinforcement Learning', 'AI in Finance', '', 'Generative AI', 'Autonomous Vehicles', 'AI Planning and Optimization', 'Machine Learning']","['GitHub', 'MIT OpenCourseWare', 'Kaggle', 'YouTube', 'Google AI']","['Scikit-learn', 'Weka', '', 'DataRobot', 'Hugging Face Transformers', 'Google Cloud AI', 'IBM Watson', 'Amazon SageMaker', 'PyTorch']"
2d5d8303-f678-476f-9df2-b40a0524ed97,German,Undergraduate Degree,3,"['AI for Games', 'AI in Healthcare']","['AI Planning and Optimization', 'Robotics', 'Machine Learning', '', 'Cognitive Computing', 'Generative AI', 'AI in Education']","['DeepLearning.ai', 'YouTube', 'Google AI', 'Coursera', '', 'Kaggle', 'Stanford Online']","['Amazon SageMaker', '', 'TensorFlow', 'Microsoft Azure AI', 'IBM Watson', 'RapidMiner', 'DataRobot', 'Keras', 'OpenAI GPT', 'Google Cloud AI', 'PyTorch', 'Scikit-learn', 'BigML', 'Weka']"
30dd2493-83ed-468e-baca-629c39442074,Hindi,Undergraduate Degree,3,"['Machine Learning', 'AI in Healthcare', 'Speech Recognition', 'Cognitive Computing', 'AI in Education', 'Neural Networks', 'Natural Language Processing', 'Recommender Systems', 'AI Ethics', 'Generative AI', 'AI Planning and Optimization']","['AI Planning and Optimization', 'Speech Recognition', 'Neural Networks', 'Machine Learning', 'Natural Language Processing', '', 'Computer Vision', 'AI Ethics']","['Google AI', 'Stanford Online', 'Kaggle', 'DeepLearning.ai']","['Amazon SageMaker', '', 'Weka', 'Keras', 'RapidMiner', 'TensorFlow', 'OpenAI GPT']"
3560e97d-5c27-4c35-aec2-50d8e6fa1825,Spanish,Middle School,1,"['', 'Neural Networks', 'Generative AI', 'Reinforcement Learning', 'Expert Systems', 'Cognitive Computing', 'AI in Education', 'Natural Language Processing', 'Computer Vision', 'Autonomous Vehicles', 'Deep Learning', 'AI in Healthcare', 'AI for Games', 'Speech Recognition', 'Robotics', 'AI Planning and Optimization', 'AI Ethics', 'Machine Learning', 'Recommender Systems']","['', 'AI Ethics', 'Autonomous Vehicles']",['GitHub'],"['BigML', 'OpenAI GPT', 'Keras', 'Weka', '', 'PyTorch', 'DataRobot', 'Google Cloud AI', 'Microsoft Azure AI', 'Hugging Face Transformers']"
357c9be3-6ff3-4413-81eb-4949b254165d,Spanish,Undergraduate Degree,3,"['Neural Networks', 'AI for Games', 'AI Ethics']","['Autonomous Vehicles', 'Robotics', 'AI in Education', 'Deep Learning', '', 'AI in Finance', 'Speech Recognition']","['MIT OpenCourseWare', 'YouTube']","['DataRobot', 'Microsoft Azure AI', 'OpenCV', 'TensorFlow', 'Google Cloud AI', 'PyTorch', 'IBM Watson', 'OpenAI GPT', 'Amazon SageMaker', 'BigML', 'RapidMiner', '', 'Weka', 'Hugging Face Transformers', 'Keras']"
3619c13e-07e1-4a31-a528-972e727d1959,Korean,Undergraduate Degree,3,"['Speech Recognition', 'Cognitive Computing', 'Robotics', 'AI Ethics', 'AI in Education', 'Natural Language Processing', '', 'AI in Finance', 'Neural Networks', 'Deep Learning', 'Generative AI', 'Recommender Systems', 'Machine Learning', 'Autonomous Vehicles', 'AI in Healthcare', 'Expert Systems']","['Robotics', 'Deep Learning', 'AI in Finance', 'AI in Healthcare', 'AI for Games', '', 'AI in Education', 'Speech Recognition']","['Kaggle', 'MIT OpenCourseWare', 'Stanford Online', 'Google AI', 'YouTube', 'Harvard Online', 'GitHub', 'Udemy', 'DeepLearning.ai', 'Coursera']","['Amazon SageMaker', 'Microsoft Azure AI', 'Google Cloud AI', 'Keras', 'Weka', 'RapidMiner', 'OpenCV', 'OpenAI GPT', 'PyTorch', 'Scikit-learn', 'BigML']"
36985897-3fac-4d07-9b7c-4b4922e1a67e,Korean,Undergraduate Degree,3,"['Reinforcement Learning', 'Natural Language Processing', 'Autonomous Vehicles', 'Deep Learning', '', 'Expert Systems', 'AI in Finance', 'Neural Networks', 'Generative AI', 'Speech Recognition']","['Neural Networks', 'Computer Vision', 'Machine Learning', 'Speech Recognition', 'Autonomous Vehicles', 'AI in Education', 'Natural Language Processing', 'AI Planning and Optimization']","['edX', 'Stanford Online', 'Google AI', '', 'YouTube', 'DeepLearning.ai', 'GitHub', 'Harvard Online', 'Udemy']","['Weka', '', 'OpenAI GPT', 'Google Cloud AI']"
38180796-ee41-4cb0-bc97-ccec91ddeafe,Bengali,University,2,"['Generative AI', 'Speech Recognition', 'Natural Language Processing', 'Cognitive Computing', 'Deep Learning', 'Expert Systems']","['AI in Education', '', 'AI for Games', 'Natural Language Processing', 'AI in Healthcare', 'Machine Learning']","['Udemy', 'GitHub', 'edX', 'YouTube', 'Stanford Online', '', 'DeepLearning.ai', 'Harvard Online', 'Kaggle', 'MIT OpenCourseWare']","['Weka', 'RapidMiner', 'PyTorch', 'IBM Watson', 'DataRobot', 'Amazon SageMaker', 'Microsoft Azure AI', 'TensorFlow', 'Scikit-learn']"
4167fe6c-d376-46ca-976e-87e75d41588e,Turkish,Undergraduate Degree,3,"['Generative AI', 'AI in Healthcare', 'AI in Finance', 'Machine Learning', 'AI in Education', 'Reinforcement Learning']","['Reinforcement Learning', 'AI in Education', 'AI for Games', 'Machine Learning', 'Robotics', 'Generative AI', 'Natural Language Processing']","['Google AI', 'Coursera', 'Stanford Online', 'MIT OpenCourseWare', 'GitHub', 'Harvard Online', 'edX', 'Udemy']","['Microsoft Azure AI', 'Hugging Face Transformers', 'PyTorch', 'RapidMiner', 'Google Cloud AI', '', 'DataRobot', 'Scikit-learn', 'IBM Watson', 'BigML', 'Weka']"
423b4af4-ba9f-48de-b4c3-0a9d95a84eee,Greek,Middle School,2,"['Generative AI', 'Expert Systems', 'AI in Education', 'Reinforcement Learning', 'Robotics', 'AI Planning and Optimization', 'AI in Healthcare', 'Deep Learning', 'Computer Vision', 'Cognitive Computing', 'Speech Recognition', 'AI for Games', 'Neural Networks']","['AI in Education', 'Reinforcement Learning', '', 'Cognitive Computing']","['Stanford Online', 'Harvard Online', 'Coursera', 'YouTube', 'MIT OpenCourseWare', 'Google AI']","['Amazon SageMaker', 'TensorFlow']"
4324412e-46c9-4c4b-aac6-7b0c4c3d4345,Mandarin,Master Degree,4,"['AI Ethics', 'Machine Learning', 'Neural Networks', 'Cognitive Computing', 'AI Planning and Optimization', 'Expert Systems', 'Natural Language Processing', 'AI in Education', 'Recommender Systems', '', 'AI for Games', 'Robotics', 'AI in Finance', 'Generative AI']","['Recommender Systems', 'AI Planning and Optimization', 'Speech Recognition', 'AI in Education', 'Neural Networks', 'AI in Finance', 'Expert Systems', 'Autonomous Vehicles', 'Generative AI']","['GitHub', 'Coursera', 'Udemy', 'DeepLearning.ai', '', 'MIT OpenCourseWare', 'YouTube', 'Stanford Online']","['Amazon SageMaker', 'Hugging Face Transformers', 'Scikit-learn', 'BigML', 'IBM Watson', 'Keras']"
45863b15-0a74-4aac-bddf-4c6d8578bf6f,Japanese,Undergraduate Degree,3,"['Cognitive Computing', 'Speech Recognition', 'AI in Finance', 'Robotics', 'Recommender Systems', 'Natural Language Processing', 'Generative AI', 'Machine Learning', 'AI for Games', 'Expert Systems', 'Deep Learning', 'Reinforcement Learning', 'Neural Networks', '', 'AI Ethics', 'Computer Vision']","['AI for Games', 'Speech Recognition', '', 'Expert Systems', 'Machine Learning', 'AI Planning and Optimization', 'Generative AI']","['Kaggle', 'Harvard Online']","['RapidMiner', 'TensorFlow', 'OpenCV', 'Amazon SageMaker', 'Microsoft Azure AI', 'Hugging Face Transformers']"
45c5dd65-d5fe-4975-bad6-32294b01a007,Hindi,Undergraduate Degree,3,"['Cognitive Computing', 'Deep Learning', 'Autonomous Vehicles', 'AI in Finance', 'AI for Games', 'Speech Recognition', 'Reinforcement Learning', 'AI in Healthcare', 'Expert Systems', 'Machine Learning', 'Neural Networks', '', 'Generative AI', 'AI Ethics', 'Robotics']","['Robotics', 'AI in Finance', 'Natural Language Processing', 'Neural Networks', 'Machine Learning', 'Reinforcement Learning', 'Deep Learning']",['Google AI'],"['Hugging Face Transformers', 'RapidMiner', '', 'Amazon SageMaker', 'Keras', 'DataRobot', 'OpenAI GPT', 'Scikit-learn', 'PyTorch', 'TensorFlow']"
46548e9e-4906-4f19-aa67-ae71e7b24fab,Turkish,Middle School,1,"['Robotics', 'Deep Learning', 'Autonomous Vehicles', 'AI Ethics', 'Computer Vision', 'Speech Recognition', 'AI in Education', '', 'Neural Networks']","['Deep Learning', 'Machine Learning', 'Computer Vision']","['', 'MIT OpenCourseWare']","['Scikit-learn', 'OpenCV', 'Keras', 'Microsoft Azure AI', 'RapidMiner', 'OpenAI GPT', 'Amazon SageMaker', 'Hugging Face Transformers', 'Weka', '', 'BigML']"
469cb2d4-2c59-4016-a651-d5ba7cc57d66,Vietnamese,High School,0,"['Autonomous Vehicles', 'Machine Learning', 'Reinforcement Learning', '', 'Computer Vision', 'AI in Healthcare', 'Expert Systems', 'AI for Games', 'Cognitive Computing', 'Natural Language Processing', 'Generative AI', 'Neural Networks']",['Robotics'],"['Udemy', 'Google AI']","['RapidMiner', 'Scikit-learn', 'OpenAI GPT', 'Google Cloud AI', 'Microsoft Azure AI', 'PyTorch', 'OpenCV', 'Hugging Face Transformers', 'IBM Watson', 'Keras', 'Amazon SageMaker', '', 'TensorFlow', 'DataRobot', 'BigML']"
46c6a881-236f-4228-94b0-7e6c8f01d3ab,Mandarin,High School,0,"['AI in Education', '', 'Cognitive Computing', 'AI for Games', 'Natural Language Processing']",['Deep Learning'],"['Kaggle', 'DeepLearning.ai', 'edX', 'MIT OpenCourseWare']","['IBM Watson', 'Scikit-learn', 'Microsoft Azure AI', 'PyTorch', '', 'DataRobot', 'Google Cloud AI', 'Weka', 'RapidMiner', 'BigML', 'Keras', 'TensorFlow']"
48ced84a-4181-4ff5-a920-71fb6116e40b,Bengali,Undergraduate Degree,3,"['Machine Learning', 'AI for Games', '', 'Speech Recognition', 'AI Planning and Optimization', 'Natural Language Processing', 'AI in Finance', 'Neural Networks', 'Robotics', 'AI in Education', 'Computer Vision', 'Recommender Systems', 'Deep Learning', 'Cognitive Computing', 'Generative AI', 'AI in Healthcare', 'AI Ethics', 'Reinforcement Learning', 'Autonomous Vehicles']","['AI in Healthcare', 'AI in Finance', 'Autonomous Vehicles', 'Speech Recognition', 'Natural Language Processing', 'Robotics', 'AI Ethics', 'Recommender Systems']","['edX', 'GitHub', 'Harvard Online', 'Kaggle', 'Coursera', 'DeepLearning.ai']","['Keras', 'Hugging Face Transformers', 'RapidMiner', 'OpenAI GPT', 'Google Cloud AI', 'Scikit-learn', 'Amazon SageMaker', 'BigML', 'IBM Watson', 'TensorFlow', '', 'Weka']"
4a58e22a-6019-4089-bb00-27ec158808dc,Dutch,University,2,"['Neural Networks', 'Computer Vision', 'Speech Recognition', 'AI Planning and Optimization', 'Expert Systems', 'Generative AI', 'AI in Education', 'AI in Healthcare', 'Robotics', 'Natural Language Processing', 'Autonomous Vehicles', 'Reinforcement Learning', 'Machine Learning', 'Deep Learning', 'AI in Finance', 'AI for Games', '', 'Recommender Systems']","['Computer Vision', 'Speech Recognition', 'Cognitive Computing', 'AI Ethics', 'Recommender Systems', 'Machine Learning']","['Coursera', 'YouTube', 'edX', 'GitHub', 'MIT OpenCourseWare', 'Harvard Online', 'Google AI']",['Amazon SageMaker']
4bd34c6d-6fec-49b3-87aa-8a622b3bfaa2,German,Undergraduate Degree,3,['Neural Networks'],"['Computer Vision', 'AI in Education', 'Cognitive Computing', 'AI Ethics', 'AI Planning and Optimization', 'Natural Language Processing', 'Speech Recognition']","['MIT OpenCourseWare', 'GitHub', 'Stanford Online', 'Harvard Online', 'DeepLearning.ai', 'Google AI']","['OpenCV', 'BigML', 'OpenAI GPT']"
4dbdade0-b52d-42e9-92ae-b9ed4e4ad36d,Italian,High School,0,"['AI in Education', 'Robotics', 'Speech Recognition', 'Computer Vision', 'Neural Networks', 'Generative AI']",['Neural Networks'],"['Stanford Online', '', 'Harvard Online']","['Scikit-learn', 'Hugging Face Transformers', 'Microsoft Azure AI', 'PyTorch', 'OpenAI GPT']"
508f6ede-348c-4427-a398-165f8a0fbacb,Vietnamese,Master Degree,4,"['AI for Games', 'Cognitive Computing', 'Reinforcement Learning', 'Natural Language Processing', 'Recommender Systems', '', 'Expert Systems', 'AI Ethics', 'Robotics', 'AI in Education', 'Autonomous Vehicles']","['AI Planning and Optimization', '', 'Recommender Systems', 'Deep Learning', 'Generative AI', 'AI Ethics', 'Neural Networks', 'Cognitive Computing', 'AI in Education']",['DeepLearning.ai'],"['Keras', 'Scikit-learn', 'Microsoft Azure AI', 'PyTorch', 'Weka', 'DataRobot', 'OpenCV', 'Google Cloud AI', 'RapidMiner', '', 'BigML', 'IBM Watson', 'Amazon SageMaker']"
5921b76f-ccee-40ea-9b2f-2ebe2f2214f2,Korean,Middle School,1,"['AI in Education', 'AI in Healthcare', 'Deep Learning', '', 'AI for Games', 'Generative AI', 'Cognitive Computing', 'Neural Networks', 'Natural Language Processing', 'Autonomous Vehicles', 'Speech Recognition', 'Computer Vision', 'AI Ethics', 'AI in Finance', 'AI Planning and Optimization']","['AI Ethics', 'Recommender Systems', 'AI in Healthcare']","['Udemy', 'Stanford Online', 'MIT OpenCourseWare', 'edX', 'Google AI', 'DeepLearning.ai', 'Coursera', '']","['PyTorch', 'IBM Watson', 'Scikit-learn', 'TensorFlow', 'DataRobot', 'RapidMiner', 'Microsoft Azure AI', 'Weka', 'Hugging Face Transformers', 'Amazon SageMaker']"
5bd9a03b-1800-47ab-af3a-f762c74af0f4,Russian,Middle School,2,"['Machine Learning', 'Recommender Systems', 'Natural Language Processing', 'Generative AI']","['Cognitive Computing', 'Computer Vision', 'Expert Systems', 'Natural Language Processing']","['Harvard Online', 'edX', 'GitHub', 'Stanford Online', '']","['Amazon SageMaker', 'Keras', 'OpenCV', 'BigML', 'IBM Watson', 'DataRobot', '', 'RapidMiner']"
5c260dc4-175e-4a12-820c-eb37e96cbcac,Bengali,Middle School,1,"['AI in Education', 'Speech Recognition', 'Deep Learning', '', 'Machine Learning', 'Natural Language Processing', 'Robotics', 'AI in Finance', 'Reinforcement Learning', 'Recommender Systems', 'Generative AI', 'Cognitive Computing', 'Expert Systems', 'Computer Vision', 'AI in Healthcare', 'Neural Networks', 'Autonomous Vehicles', 'AI for Games', 'AI Planning and Optimization']","['Speech Recognition', 'AI in Healthcare', 'Neural Networks']",['Stanford Online'],"['Scikit-learn', 'IBM Watson', 'PyTorch', 'BigML', 'DataRobot', 'OpenAI GPT']"
5f2416a4-cfdf-488f-a3c0-5c7707d0f4ef,Bengali,Elementary,1,"['Cognitive Computing', 'Neural Networks', 'Machine Learning', 'Autonomous Vehicles', 'Robotics', 'Recommender Systems', 'AI Ethics', 'AI in Healthcare', 'Speech Recognition', 'Natural Language Processing', '', 'AI for Games', 'Deep Learning', 'Computer Vision', 'Generative AI', 'Expert Systems', 'AI in Education', 'AI in Finance', 'Reinforcement Learning']","['Generative AI', '']","['DeepLearning.ai', 'Coursera', 'Stanford Online', 'Kaggle', 'Google AI', 'YouTube']","['IBM Watson', 'RapidMiner', 'Weka', 'PyTorch', 'Amazon SageMaker', 'BigML', 'TensorFlow', 'OpenCV', 'DataRobot', 'Scikit-learn', 'OpenAI GPT', 'Google Cloud AI', 'Microsoft Azure AI', '']"
60a0c96a-dfe8-45b3-b941-3191e4b004d4,Mandarin,Undergraduate Degree,3,"['Machine Learning', '', 'Deep Learning', 'Neural Networks', 'AI in Finance', 'AI in Healthcare', 'Autonomous Vehicles', 'AI for Games', 'Reinforcement Learning', 'Recommender Systems', 'Natural Language Processing', 'AI Ethics', 'AI Planning and Optimization', 'Computer Vision', 'Expert Systems', 'Robotics', 'Speech Recognition', 'Generative AI', 'Cognitive Computing']","['AI Planning and Optimization', 'Neural Networks', 'AI in Education', 'AI in Finance', 'Machine Learning', 'Reinforcement Learning', 'Speech Recognition', 'Recommender Systems']","['edX', 'YouTube', 'Kaggle']","['', 'Hugging Face Transformers', 'PyTorch', 'Scikit-learn', 'OpenCV']"
612dc0db-0284-42e9-8681-9fd4379243ae,French,Master Degree,4,"['Robotics', 'Natural Language Processing', 'Neural Networks', 'Expert Systems', '']","['AI Ethics', 'AI Planning and Optimization', 'Recommender Systems', 'Machine Learning', 'Generative AI', 'AI in Education', '', 'Neural Networks', 'Natural Language Processing']",['Stanford Online'],"['Google Cloud AI', 'Amazon SageMaker', 'RapidMiner', 'Microsoft Azure AI', 'TensorFlow', 'BigML', 'Scikit-learn', 'IBM Watson', 'OpenCV']"
638863f7-d941-48a2-bf7c-0aafed7618db,Korean,Elementary,1,"['Computer Vision', 'Recommender Systems', 'AI Ethics', '']","['Neural Networks', 'Generative AI']","['Harvard Online', 'Kaggle', 'Stanford Online', 'MIT OpenCourseWare', 'Coursera', 'edX', '', 'DeepLearning.ai']","['Amazon SageMaker', 'IBM Watson', 'TensorFlow', 'Keras']"
63cd86a2-132b-495c-9f08-70b32376fbb5,English,Elementary,1,"['Recommender Systems', 'Cognitive Computing', 'AI for Games', 'AI Ethics', 'Neural Networks', 'Deep Learning', '', 'Machine Learning']","['Generative AI', 'AI in Education']","['Kaggle', 'Udemy', 'DeepLearning.ai', 'MIT OpenCourseWare', 'Google AI', 'GitHub', 'Harvard Online', '']","['TensorFlow', 'Microsoft Azure AI']"
66e10417-49f3-487e-8246-9530312d807d,Italian,Undergraduate Degree,3,"['Computer Vision', 'Robotics', 'Neural Networks', '']","['Machine Learning', 'Reinforcement Learning', 'Expert Systems', 'AI in Healthcare', 'Recommender Systems', 'Robotics', 'Natural Language Processing']","['YouTube', 'edX', 'GitHub', '', 'MIT OpenCourseWare', 'DeepLearning.ai', 'Kaggle', 'Harvard Online', 'Udemy', 'Stanford Online']","['IBM Watson', 'Keras', 'OpenCV', 'Google Cloud AI', 'PyTorch', 'TensorFlow', 'Scikit-learn', 'BigML']"
6781de30-d854-47cb-89d9-ee8579b471af,Mandarin,Middle School,1,"['AI for Games', 'Neural Networks', 'Robotics', 'AI Ethics', 'Autonomous Vehicles', 'Deep Learning', 'Expert Systems', 'Reinforcement Learning', 'Cognitive Computing', 'Machine Learning', '', 'Generative AI']","['Reinforcement Learning', 'Robotics', 'Cognitive Computing']","['Stanford Online', '', 'DeepLearning.ai', 'MIT OpenCourseWare']","['OpenAI GPT', 'Scikit-learn', 'BigML', 'Amazon SageMaker', 'Keras', 'TensorFlow']"
6bc4b69c-7fc0-4ebf-bc7e-161d4b2f3dd8,French,Elementary,1,"['AI Ethics', 'Recommender Systems', '', 'Natural Language Processing', 'Speech Recognition', 'AI in Finance', 'AI in Education', 'Computer Vision', 'Deep Learning', 'AI for Games', 'Machine Learning', 'Cognitive Computing', 'AI in Healthcare', 'AI Planning and Optimization']","['Autonomous Vehicles', 'AI for Games']",['Kaggle'],"['Amazon SageMaker', 'IBM Watson', 'Microsoft Azure AI', 'Hugging Face Transformers', '', 'OpenAI GPT', 'RapidMiner']"
6c49b6ea-1f05-4d38-82f2-a8604f822592,Swedish,Middle School,1,"['Neural Networks', 'Autonomous Vehicles', 'Natural Language Processing', 'Speech Recognition', 'Computer Vision', 'AI Planning and Optimization', 'AI in Healthcare', 'Generative AI', 'Deep Learning', 'AI Ethics']","['Machine Learning', 'AI in Healthcare', 'Reinforcement Learning']","['DeepLearning.ai', 'YouTube', 'Harvard Online', 'Kaggle', 'MIT OpenCourseWare', 'Stanford Online', 'GitHub', 'Google AI']",['PyTorch']
6e8bd847-429a-4fb1-8b2a-272551087b69,German,Undergraduate Degree,3,"['AI Planning and Optimization', 'AI in Finance', 'AI for Games', 'Natural Language Processing', 'Expert Systems', 'AI in Education', 'Deep Learning', '', 'AI in Healthcare', 'Recommender Systems', 'Neural Networks', 'Reinforcement Learning', 'AI Ethics', 'Robotics', 'Cognitive Computing', 'Computer Vision', 'Generative AI', 'Speech Recognition', 'Machine Learning']","['AI Planning and Optimization', 'AI in Healthcare', 'AI in Finance', 'Deep Learning', 'Machine Learning', 'Expert Systems', 'Natural Language Processing']","['Udemy', 'Google AI', '', 'Stanford Online', 'Coursera', 'MIT OpenCourseWare', 'DeepLearning.ai']","['Keras', 'Amazon SageMaker', 'DataRobot', 'Microsoft Azure AI', 'Weka', 'Hugging Face Transformers', 'TensorFlow', 'BigML', 'Scikit-learn', '', 'OpenCV']"
72a44fa5-4b36-4101-82e8-2c6dd1998bee,Japanese,Master Degree,4,"['Recommender Systems', 'Expert Systems', 'AI in Finance', 'AI for Games', 'AI Ethics', 'Robotics', 'Generative AI', 'Natural Language Processing', 'Neural Networks', 'Autonomous Vehicles', 'Speech Recognition']","['AI Ethics', 'Autonomous Vehicles', 'Recommender Systems', 'Machine Learning', 'Deep Learning', 'Computer Vision', 'Robotics', 'Generative AI', 'Cognitive Computing']","['edX', 'Google AI']","['BigML', 'OpenCV', 'OpenAI GPT', 'Weka', 'Keras', 'Microsoft Azure AI', 'RapidMiner', 'Hugging Face Transformers', 'DataRobot', 'IBM Watson', 'PyTorch', '', 'Scikit-learn', 'Amazon SageMaker', 'Google Cloud AI']"
789147f9-19ed-46c5-89c7-2f69bba5afea,Bengali,Elementary,1,"['Cognitive Computing', 'Speech Recognition', 'Generative AI', 'AI in Education', 'Robotics', 'Reinforcement Learning']","['Neural Networks', 'Computer Vision']","['Stanford Online', 'GitHub', 'edX', 'Google AI', 'DeepLearning.ai', 'Udemy', 'YouTube', 'Harvard Online', 'Coursera', 'Kaggle']","['BigML', 'IBM Watson', 'Keras', 'OpenCV', 'Scikit-learn']"
7937a2ec-700e-4427-b7ac-f3f4d29571b7,German,Middle School,1,"['AI in Finance', 'Recommender Systems', 'Autonomous Vehicles', 'Neural Networks', '', 'Speech Recognition', 'Machine Learning', 'Generative AI']","['Autonomous Vehicles', 'AI in Education', 'AI Planning and Optimization']","['Udemy', 'Coursera', 'GitHub']","['Keras', '']"
798ec70b-9f40-4a9d-b3b5-79afa7955b2f,Korean,Undergraduate Degree,3,"['Expert Systems', 'AI Ethics', 'AI for Games', 'Generative AI', 'Natural Language Processing', 'AI in Finance', 'Recommender Systems', 'AI in Education', 'Autonomous Vehicles', 'Machine Learning', 'AI Planning and Optimization', '', 'Robotics', 'AI in Healthcare', 'Deep Learning', 'Cognitive Computing', 'Computer Vision', 'Neural Networks', 'Speech Recognition']","['Generative AI', 'Deep Learning', 'Reinforcement Learning', '', 'Speech Recognition', 'Computer Vision', 'AI in Finance']",['Coursera'],"['Scikit-learn', 'RapidMiner', 'Google Cloud AI', 'BigML', 'Weka', 'Keras', 'DataRobot', '', 'OpenCV', 'PyTorch', 'TensorFlow', 'OpenAI GPT', 'Hugging Face Transformers', 'Microsoft Azure AI', 'Amazon SageMaker']"
7b3ecf16-90c6-4bc6-ab60-80dc80a7b340,Dutch,High School,0,"['Generative AI', 'Speech Recognition', 'Robotics', 'AI in Education', 'Cognitive Computing', 'Autonomous Vehicles', 'Expert Systems', 'Machine Learning', 'AI in Finance', 'Reinforcement Learning', 'AI in Healthcare', 'Natural Language Processing', 'AI Ethics', 'Deep Learning', 'Computer Vision', 'Recommender Systems', 'Neural Networks', 'AI for Games']",['AI in Finance'],"['Harvard Online', 'YouTube']","['Hugging Face Transformers', 'TensorFlow', 'Keras', 'Weka', 'IBM Watson', 'DataRobot']"
80b7bbc6-371e-49d2-9936-bd58f54974be,English,University,2,"['Autonomous Vehicles', 'Robotics', 'Cognitive Computing', 'Reinforcement Learning', 'AI in Healthcare', 'Generative AI', 'AI Planning and Optimization', 'Expert Systems', 'Computer Vision', 'Neural Networks', '']","['AI in Education', 'Expert Systems', 'AI Ethics', 'AI in Healthcare', 'AI in Finance', 'Reinforcement Learning']","['', 'Google AI', 'Harvard Online', 'GitHub', 'Coursera', 'Kaggle', 'MIT OpenCourseWare', 'YouTube', 'DeepLearning.ai']","['DataRobot', 'Keras', 'Weka', 'Scikit-learn', 'PyTorch']"
8200e175-e43a-4508-967c-7cffb5647e26,Vietnamese,High School,0,"['Reinforcement Learning', 'AI in Finance', 'Autonomous Vehicles', 'Robotics', 'Computer Vision', 'Expert Systems', 'AI in Healthcare', 'Machine Learning', 'Neural Networks', 'Generative AI']",['Neural Networks'],"['edX', 'DeepLearning.ai', 'MIT OpenCourseWare', 'Kaggle', 'YouTube', 'Coursera']","['PyTorch', 'Microsoft Azure AI', 'TensorFlow', 'Hugging Face Transformers', '']"
833c3ae3-76d5-4235-93a1-d8cb06f7f1bb,Spanish,Middle School,1,"['AI in Finance', 'Neural Networks', 'AI for Games', 'Deep Learning', 'Expert Systems', 'Speech Recognition', 'Machine Learning', 'Autonomous Vehicles', 'Generative AI', 'AI Ethics', 'AI in Healthcare', 'Recommender Systems']","['Machine Learning', 'Neural Networks', 'Speech Recognition']","['YouTube', 'Coursera', 'edX', 'GitHub', 'DeepLearning.ai', 'Stanford Online', 'Kaggle', 'Udemy', 'Harvard Online']","['Keras', 'Weka', 'PyTorch', 'Microsoft Azure AI', 'OpenCV']"
83f5cbb8-9cd6-4b00-aa11-8ea9c73755ed,Arabic,Undergraduate Degree,3,"['Computer Vision', 'AI Planning and Optimization', 'Cognitive Computing', 'Generative AI']","['Reinforcement Learning', '', 'AI in Education', 'Recommender Systems', 'Expert Systems', 'Computer Vision', 'AI for Games', 'AI in Healthcare']","['Google AI', 'Kaggle', '', 'edX', 'MIT OpenCourseWare', 'YouTube', 'Harvard Online', 'Coursera']","['', 'Google Cloud AI', 'PyTorch', 'TensorFlow', 'Hugging Face Transformers', 'Microsoft Azure AI', 'RapidMiner', 'IBM Watson', 'Amazon SageMaker', 'Weka', 'BigML', 'Keras', 'OpenCV', 'OpenAI GPT']"
88051f4c-b3e3-4926-9f87-c09e36e31537,Vietnamese,Middle School,2,"['Computer Vision', 'Cognitive Computing', 'AI Planning and Optimization', 'Reinforcement Learning', 'Speech Recognition']","['Reinforcement Learning', 'AI in Finance', 'Generative AI', 'AI in Healthcare']","['GitHub', '', 'DeepLearning.ai', 'YouTube', 'Coursera', 'edX']","['Hugging Face Transformers', 'BigML', 'Weka', 'Amazon SageMaker']"
88e1ce39-6402-4ed5-ac3f-5ea48fa96ae2,Japanese,Middle School,2,"['Cognitive Computing', 'Computer Vision', 'Recommender Systems', 'Expert Systems', 'AI in Finance', 'Robotics', 'Deep Learning']","['AI in Education', 'AI in Finance', '', 'Speech Recognition']","['', 'YouTube', 'DeepLearning.ai', 'Stanford Online', 'Udemy', 'Harvard Online', 'GitHub', 'Kaggle', 'edX', 'MIT OpenCourseWare']","['RapidMiner', 'Keras', 'PyTorch', 'Weka', 'OpenCV', 'Scikit-learn', 'Amazon SageMaker', 'DataRobot', 'Google Cloud AI', 'OpenAI GPT', 'TensorFlow', '']"
8b4574f2-3e10-4b8d-86ee-088c0f162f5a,Hindi,Master Degree,4,"['AI in Healthcare', 'AI Planning and Optimization', 'Natural Language Processing', 'Cognitive Computing', 'AI for Games', 'AI in Finance', 'Speech Recognition', 'Computer Vision']","['Natural Language Processing', 'AI in Finance', 'Robotics', 'AI Planning and Optimization', 'AI in Education', 'AI Ethics', 'Speech Recognition', 'Expert Systems', '']","['Kaggle', 'YouTube', 'Udemy', 'MIT OpenCourseWare', 'Coursera', 'Stanford Online', 'GitHub', '']","['Google Cloud AI', 'DataRobot', 'PyTorch', 'OpenAI GPT']"
8b6698fb-0783-421d-87dd-98fce3636c77,Turkish,Master Degree,4,"['Deep Learning', 'Natural Language Processing', 'Generative AI', 'AI Ethics', 'Expert Systems', 'Cognitive Computing', 'AI for Games', 'Autonomous Vehicles', 'AI in Education', 'Speech Recognition']","['Generative AI', 'Recommender Systems', 'AI for Games', 'Autonomous Vehicles', 'AI in Education', 'AI Planning and Optimization', 'Computer Vision', 'Robotics', 'Reinforcement Learning']","['Google AI', 'Harvard Online', 'Kaggle', 'DeepLearning.ai', 'Stanford Online']","['RapidMiner', 'DataRobot', 'TensorFlow', 'Hugging Face Transformers', 'Google Cloud AI', 'OpenAI GPT', 'Amazon SageMaker', 'PyTorch', 'BigML', 'Microsoft Azure AI', '', 'Scikit-learn']"
95f52119-c385-4a6e-add5-40d0481acd3e,Russian,Undergraduate Degree,3,"['AI Ethics', 'Speech Recognition', 'AI in Education', 'AI in Finance', '', 'AI Planning and Optimization', 'Robotics', 'Natural Language Processing', 'Computer Vision', 'Recommender Systems', 'Machine Learning', 'Generative AI', 'Neural Networks', 'Expert Systems']","['', 'AI in Education', 'AI for Games', 'Deep Learning', 'Natural Language Processing', 'Robotics', 'AI in Healthcare']","['Udemy', 'GitHub']","['Hugging Face Transformers', 'TensorFlow', 'Google Cloud AI']"
979b1d4e-d653-4589-b0a0-cce3834badae,Turkish,Undergraduate Degree,3,['Expert Systems'],"['Speech Recognition', 'AI Planning and Optimization', 'Cognitive Computing', 'AI in Healthcare', 'Recommender Systems', 'Robotics', '', 'AI Ethics']","['Udemy', 'GitHub', 'Coursera', 'Harvard Online', 'MIT OpenCourseWare', '', 'DeepLearning.ai', 'edX', 'Stanford Online', 'Kaggle']","['Hugging Face Transformers', 'PyTorch', 'DataRobot', 'Google Cloud AI', 'RapidMiner']"
982b9a15-5598-4935-941d-08bacf5f8ed8,Greek,Undergraduate Degree,3,"['AI Ethics', 'AI Planning and Optimization', 'Autonomous Vehicles', 'AI in Finance']","['AI for Games', 'AI in Finance', 'AI Ethics', 'Deep Learning', 'Computer Vision', 'Neural Networks', 'AI Planning and Optimization']",['YouTube'],"['DataRobot', 'PyTorch', 'Hugging Face Transformers', 'OpenCV', 'Google Cloud AI', '', 'Scikit-learn', 'Keras', 'Weka', 'RapidMiner', 'TensorFlow', 'Microsoft Azure AI', 'BigML', 'IBM Watson']"
98b004d2-a6e8-457c-aeda-383d43e1c95b,Portuguese,Elementary,1,"['AI for Games', 'Speech Recognition', 'Reinforcement Learning', 'Expert Systems', 'Machine Learning', '', 'Neural Networks', 'Generative AI', 'AI Planning and Optimization']","['Natural Language Processing', 'Machine Learning']","['Harvard Online', 'Google AI', 'YouTube', 'GitHub']","['OpenCV', '', 'IBM Watson', 'Keras', 'Amazon SageMaker']"
99e49925-9805-49e7-a5c4-f79656b2dfdb,French,Middle School,1,"['Robotics', 'Reinforcement Learning', 'AI in Education', 'Speech Recognition', 'AI in Finance', 'Deep Learning']","['Speech Recognition', 'AI Planning and Optimization', '']","['Kaggle', 'Harvard Online', 'Coursera', '', 'edX', 'MIT OpenCourseWare']","['Amazon SageMaker', 'RapidMiner', 'Keras', 'PyTorch', 'Weka', 'OpenCV']"
9bd6d582-b554-464e-bc11-b79c5e782edd,French,University,2,"['Neural Networks', 'Cognitive Computing', 'Speech Recognition', 'AI for Games', 'Expert Systems', 'Deep Learning', 'Autonomous Vehicles', 'AI Ethics', 'Natural Language Processing', 'Machine Learning', 'AI in Healthcare', 'Recommender Systems', '', 'Generative AI', 'AI in Education', 'Robotics']","['Natural Language Processing', 'Deep Learning', 'Speech Recognition', 'Generative AI', 'Expert Systems', 'AI in Education']","['GitHub', 'MIT OpenCourseWare', 'Kaggle']","['PyTorch', 'OpenCV', 'IBM Watson', 'DataRobot', 'Scikit-learn', 'Google Cloud AI', 'Amazon SageMaker', 'Hugging Face Transformers', 'Weka', 'Keras', 'RapidMiner', 'OpenAI GPT', 'TensorFlow']"
9d0a5455-f4e4-42b6-aad1-352a16d3c474,Korean,Elementary,1,"['Deep Learning', 'Machine Learning', 'Generative AI', 'Neural Networks', 'Speech Recognition', 'Reinforcement Learning']","['AI in Finance', 'Cognitive Computing']","['Harvard Online', 'Stanford Online']","['Weka', 'Keras', 'OpenCV', '', 'Scikit-learn']"
9d69f4c9-28fb-4f53-a69b-105fdd18b51c,Thai,Undergraduate Degree,3,"['Autonomous Vehicles', 'AI for Games', 'AI Ethics', 'Natural Language Processing', 'Generative AI', 'Machine Learning', 'Neural Networks', 'AI in Education', 'Recommender Systems', 'Cognitive Computing', 'AI in Finance', 'Speech Recognition', 'Reinforcement Learning', 'Deep Learning', 'Computer Vision', '', 'Robotics', 'AI in Healthcare', 'AI Planning and Optimization']","['Autonomous Vehicles', 'AI in Finance', 'Cognitive Computing', 'Machine Learning', 'Generative AI', '', 'AI in Education', 'AI Planning and Optimization']","['Google AI', 'MIT OpenCourseWare', 'Coursera', 'Udemy', 'DeepLearning.ai']","['Hugging Face Transformers', 'PyTorch', 'Keras', 'Google Cloud AI', 'Amazon SageMaker', 'Microsoft Azure AI', 'RapidMiner']"
a4c74a6e-572b-4f97-b130-9d141c8c84b2,Hindi,Undergraduate Degree,3,"['Natural Language Processing', 'Deep Learning', 'Machine Learning', 'AI in Healthcare']","['Computer Vision', 'AI Ethics', 'Machine Learning', 'Neural Networks', 'AI Planning and Optimization', 'Natural Language Processing', '']","['Coursera', 'MIT OpenCourseWare', 'DeepLearning.ai']","['Amazon SageMaker', 'Keras', '']"
a598e807-284f-4220-a7be-4de45842e509,Spanish,Middle School,2,"['AI Planning and Optimization', 'Computer Vision', 'Robotics', 'Neural Networks', 'Autonomous Vehicles', 'Speech Recognition', 'AI in Healthcare', 'Generative AI', 'Recommender Systems', 'Deep Learning']","['AI for Games', 'AI Ethics', 'Autonomous Vehicles', '']","['Coursera', '', 'Udemy', 'YouTube', 'Stanford Online', 'Harvard Online']",['OpenAI GPT']
a724d53d-4662-4e58-abc5-835afac23d4a,Polish,University,2,"['', 'Computer Vision', 'Machine Learning', 'AI in Finance', 'AI for Games', 'Deep Learning', 'Reinforcement Learning', 'AI Ethics', 'AI in Healthcare', 'Neural Networks', 'Natural Language Processing', 'AI in Education', 'Speech Recognition', 'Autonomous Vehicles', 'Recommender Systems', 'AI Planning and Optimization', 'Expert Systems', 'Robotics']","['Robotics', 'AI in Education', 'Recommender Systems', 'AI for Games', 'Cognitive Computing', 'Natural Language Processing']","['Stanford Online', 'MIT OpenCourseWare', 'Coursera', 'Udemy', 'DeepLearning.ai', 'YouTube', 'Kaggle', 'Harvard Online', 'edX', '']","['RapidMiner', 'IBM Watson']"
a78a2e1b-1655-468f-8a88-b144f45d981c,Vietnamese,Master Degree,4,"['AI in Education', '', 'Speech Recognition']","['Autonomous Vehicles', 'AI Ethics', 'Reinforcement Learning', 'Recommender Systems', '', 'Natural Language Processing', 'Generative AI', 'Cognitive Computing', 'AI for Games']","['', 'DeepLearning.ai', 'Stanford Online', 'MIT OpenCourseWare', 'Coursera', 'Kaggle', 'edX', 'Harvard Online', 'YouTube', 'GitHub']","['Google Cloud AI', 'Amazon SageMaker', 'PyTorch', '', 'Microsoft Azure AI', 'OpenCV', 'Keras']"
a82a6cb8-c4c3-4c40-ba81-25fa10006253,Spanish,Master Degree,4,"['', 'Natural Language Processing', 'Expert Systems', 'AI in Finance', 'AI for Games', 'AI Planning and Optimization', 'AI Ethics', 'Recommender Systems']","['Machine Learning', 'AI Planning and Optimization', 'Computer Vision', 'Autonomous Vehicles', '', 'Generative AI', 'Expert Systems', 'Speech Recognition', 'Neural Networks']",['YouTube'],"['Scikit-learn', 'BigML', 'Hugging Face Transformers']"
a8d07b69-6d54-4d4e-a17c-75e2c5554394,Turkish,Undergraduate Degree,3,"['Natural Language Processing', 'Recommender Systems', 'Machine Learning', 'AI in Finance', 'AI in Healthcare', 'Neural Networks', 'Computer Vision', '', 'AI in Education', 'AI Ethics', 'Robotics', 'AI Planning and Optimization', 'Deep Learning', 'Generative AI', 'Cognitive Computing', 'Expert Systems', 'Reinforcement Learning', 'AI for Games', 'Autonomous Vehicles']","['Recommender Systems', 'Cognitive Computing', 'Deep Learning', 'Natural Language Processing', 'AI in Finance', 'Computer Vision', 'Speech Recognition']",['YouTube'],"['Amazon SageMaker', 'OpenCV', 'DataRobot', 'Scikit-learn', 'PyTorch', 'IBM Watson', 'Microsoft Azure AI', 'BigML', 'Weka', '', 'Google Cloud AI', 'OpenAI GPT', 'Keras', 'RapidMiner']"
a91de4a7-5076-41bd-9775-2ee6c6c4fa69,German,University,2,"['Cognitive Computing', 'Machine Learning', 'AI Planning and Optimization', 'Reinforcement Learning', 'AI in Finance', 'Expert Systems', 'Neural Networks', 'AI in Healthcare', 'Autonomous Vehicles', 'Natural Language Processing', 'AI Ethics', 'Speech Recognition', 'Robotics', 'Deep Learning', 'Computer Vision', 'Generative AI', '', 'AI in Education', 'Recommender Systems']","['Machine Learning', 'Deep Learning', '', 'AI in Education', 'Cognitive Computing', 'AI for Games']",['Coursera'],"['IBM Watson', 'PyTorch', '', 'RapidMiner', 'Amazon SageMaker', 'Google Cloud AI', 'Keras', 'Weka', 'OpenAI GPT', 'OpenCV']"
a9352003-91d1-4339-b53d-ac434b91fdd1,German,Middle School,1,"['Natural Language Processing', '', 'Machine Learning']","['Recommender Systems', 'Cognitive Computing', 'Natural Language Processing']","['', 'DeepLearning.ai', 'Udemy']","['Google Cloud AI', 'DataRobot', '', 'OpenCV', 'Hugging Face Transformers', 'Keras', 'Scikit-learn', 'PyTorch']"
ab1481d4-817a-419b-99e1-0c98af123e19,Mandarin,High School,0,"['AI Planning and Optimization', 'AI in Finance', 'Natural Language Processing', '', 'Recommender Systems', 'Machine Learning', 'AI in Education', 'AI in Healthcare', 'Expert Systems', 'Robotics', 'Deep Learning', 'AI for Games', 'Cognitive Computing', 'Neural Networks', 'Autonomous Vehicles']",['AI for Games'],"['MIT OpenCourseWare', 'Coursera', 'Google AI', 'Stanford Online']","['Keras', 'OpenCV', 'RapidMiner', 'Google Cloud AI', 'Amazon SageMaker', 'IBM Watson', 'Microsoft Azure AI', 'Weka', 'DataRobot', 'BigML', 'Hugging Face Transformers']"
af1b57de-9a3c-496a-be9d-50a7b1f75cb1,Dutch,Middle School,1,"['AI for Games', 'Autonomous Vehicles', 'AI in Healthcare', 'Natural Language Processing', 'Speech Recognition', 'AI Ethics', 'Neural Networks', 'Cognitive Computing', 'AI in Education', '', 'Reinforcement Learning', 'Recommender Systems', 'Deep Learning', 'AI in Finance', 'Generative AI', 'Computer Vision']","['Natural Language Processing', 'AI Planning and Optimization', 'AI in Education']","['YouTube', 'GitHub', 'Kaggle', 'Udemy', 'Coursera', '', 'Google AI', 'DeepLearning.ai', 'Harvard Online']","['PyTorch', 'OpenCV', 'Keras', 'Google Cloud AI']"
af45cb7d-e817-4089-8e68-29128b8cc8a2,Italian,Undergraduate Degree,3,"['Natural Language Processing', 'Recommender Systems', 'AI Planning and Optimization', 'Computer Vision', 'Expert Systems', 'Speech Recognition', '', 'Machine Learning', 'AI in Healthcare', 'Reinforcement Learning', 'Robotics', 'AI Ethics', 'Generative AI', 'Cognitive Computing']","['Robotics', 'AI Ethics', '', 'Reinforcement Learning', 'Natural Language Processing', 'Expert Systems', 'Neural Networks']","['Stanford Online', 'YouTube', 'Udemy', 'MIT OpenCourseWare', '']","['TensorFlow', 'Amazon SageMaker', 'Hugging Face Transformers', 'DataRobot', 'RapidMiner', 'IBM Watson', 'Keras', 'Google Cloud AI', 'Scikit-learn', 'Weka', 'BigML', 'Microsoft Azure AI']"
b55b1cb8-e217-4aaa-aa2c-4b932d915692,Vietnamese,University,2,"['Computer Vision', 'AI for Games']","['Computer Vision', '', 'Machine Learning', 'Autonomous Vehicles', 'Speech Recognition', 'Expert Systems']","['Kaggle', 'edX', 'YouTube']","['BigML', 'DataRobot']"
b702a1d4-fdd9-4ec2-808a-404a80cb732d,Swedish,High School,0,"['Machine Learning', 'Recommender Systems']",['Cognitive Computing'],"['Harvard Online', 'Google AI', 'DeepLearning.ai', 'YouTube', 'Kaggle', 'Udemy']","['Hugging Face Transformers', 'RapidMiner', 'TensorFlow', '', 'Scikit-learn', 'Weka', 'Google Cloud AI', 'Microsoft Azure AI', 'DataRobot', 'PyTorch', 'BigML', 'OpenAI GPT', 'IBM Watson', 'OpenCV', 'Keras']"
b927a967-2284-43c1-963a-ebe4a3af1869,German,Undergraduate Degree,3,"['Generative AI', '', 'Recommender Systems', 'Speech Recognition', 'AI Planning and Optimization', 'Expert Systems', 'Neural Networks', 'Computer Vision', 'AI in Healthcare', 'Reinforcement Learning', 'Cognitive Computing', 'Autonomous Vehicles', 'Robotics', 'AI Ethics', 'AI in Education', 'Natural Language Processing', 'AI in Finance', 'Machine Learning', 'AI for Games']","['Robotics', 'AI in Healthcare', 'Cognitive Computing', 'AI for Games', 'Natural Language Processing', 'Generative AI', 'AI in Education']","['MIT OpenCourseWare', 'Harvard Online', 'YouTube', 'edX', '', 'Google AI', 'Coursera', 'Stanford Online', 'GitHub']","['Google Cloud AI', 'Hugging Face Transformers', 'RapidMiner', 'IBM Watson', 'Weka', '', 'OpenAI GPT']"
bc1abad6-c223-4c4d-8579-eaeed1fa1679,Portuguese,Undergraduate Degree,3,"['Natural Language Processing', 'Robotics', 'Cognitive Computing', 'Recommender Systems', 'AI for Games', '', 'Expert Systems', 'AI in Healthcare', 'Autonomous Vehicles', 'AI in Finance', 'AI in Education', 'Computer Vision', 'Machine Learning', 'AI Planning and Optimization', 'AI Ethics', 'Deep Learning']","['AI Planning and Optimization', 'Natural Language Processing', 'Cognitive Computing', 'AI Ethics', 'Expert Systems', 'Speech Recognition', 'Reinforcement Learning']","['Kaggle', '', 'MIT OpenCourseWare', 'edX', 'GitHub', 'Udemy', 'DeepLearning.ai', 'Coursera', 'Google AI', 'Harvard Online']",['RapidMiner']
bf3b4193-a039-42fe-91bf-5256ddcf8987,English,High School,0,"['AI Planning and Optimization', 'Robotics', 'Computer Vision']",['Recommender Systems'],"['YouTube', 'edX', 'Harvard Online', 'Coursera', 'Kaggle']","['RapidMiner', 'Hugging Face Transformers', 'PyTorch', 'Google Cloud AI', 'Amazon SageMaker', 'BigML', 'Weka', 'Scikit-learn', 'OpenCV']"
c0640470-3350-45aa-808f-d1cd147eafe7,German,Master Degree,4,"['Autonomous Vehicles', 'AI in Finance', 'Cognitive Computing']","['Cognitive Computing', 'Natural Language Processing', 'Recommender Systems', 'AI Planning and Optimization', 'Robotics', 'Computer Vision', 'Expert Systems', 'AI Ethics', 'Autonomous Vehicles']","['Udemy', 'edX', 'GitHub', 'Coursera', '', 'Stanford Online', 'Google AI']","['BigML', 'PyTorch']"
c07071ce-3a37-4f44-864f-79a1bdf2a8fc,English,Middle School,1,"['Deep Learning', '', 'Recommender Systems', 'Reinforcement Learning', 'Cognitive Computing', 'Autonomous Vehicles', 'Natural Language Processing', 'AI in Finance']","['AI in Education', 'Natural Language Processing', '']","['Stanford Online', 'Kaggle', 'Harvard Online']","['Scikit-learn', 'DataRobot', 'Weka', 'OpenAI GPT', 'Keras', 'RapidMiner', 'PyTorch']"
c0790c6f-c0b3-484b-8bff-bfaf9726d25a,Swedish,Undergraduate Degree,3,"['Reinforcement Learning', 'Neural Networks', 'Speech Recognition', 'AI in Education']","['Autonomous Vehicles', 'Deep Learning', 'Speech Recognition', 'Expert Systems', 'Cognitive Computing', 'Computer Vision', 'Reinforcement Learning', 'AI Planning and Optimization']","['DeepLearning.ai', 'GitHub', 'Coursera', 'Stanford Online', '', 'MIT OpenCourseWare', 'Harvard Online']","['IBM Watson', 'PyTorch', '', 'Weka', 'DataRobot', 'BigML']"
c122152e-56fe-46b4-bd6e-627db01269be,Korean,Middle School,2,['Recommender Systems'],"['AI in Education', 'Autonomous Vehicles', 'Robotics', 'Computer Vision']","['', 'edX', 'DeepLearning.ai', 'YouTube', 'MIT OpenCourseWare']","['', 'BigML', 'Weka', 'Amazon SageMaker', 'Google Cloud AI', 'Microsoft Azure AI', 'RapidMiner', 'Scikit-learn', 'PyTorch', 'TensorFlow', 'OpenCV', 'Hugging Face Transformers', 'OpenAI GPT']"
c6f1d855-8180-4d2a-ac34-13a82985ca11,Turkish,Undergraduate Degree,3,"['AI in Healthcare', 'Deep Learning', 'AI in Finance', 'Recommender Systems', 'Expert Systems', 'Computer Vision', 'Speech Recognition', 'Natural Language Processing', 'Neural Networks', '', 'AI Ethics', 'Reinforcement Learning', 'Autonomous Vehicles', 'AI in Education', 'AI Planning and Optimization', 'Machine Learning', 'AI for Games']","['Robotics', 'Recommender Systems', '', 'Neural Networks', 'Autonomous Vehicles', 'AI in Education', 'Expert Systems']","['GitHub', 'Kaggle', 'Google AI', 'Coursera', '', 'DeepLearning.ai', 'Harvard Online']","['OpenCV', 'Google Cloud AI', '', 'Amazon SageMaker', 'RapidMiner', 'Scikit-learn', 'OpenAI GPT']"
c76819a4-a27e-428a-987d-9f565cbc859e,Hindi,Undergraduate Degree,3,"['Expert Systems', 'AI Planning and Optimization', 'Natural Language Processing', 'AI Ethics', 'Machine Learning', 'AI in Healthcare', 'Generative AI', 'Recommender Systems', 'Cognitive Computing', 'Deep Learning', 'AI in Education', 'Speech Recognition']","['', 'Generative AI', 'AI in Education', 'Machine Learning', 'Autonomous Vehicles', 'Natural Language Processing', 'AI for Games', 'Computer Vision']","['Harvard Online', 'edX', 'Google AI', '', 'Kaggle', 'GitHub', 'YouTube', 'Udemy', 'DeepLearning.ai', 'Coursera']","['Microsoft Azure AI', '', 'Weka', 'PyTorch', 'Hugging Face Transformers', 'Scikit-learn', 'RapidMiner']"
c8d206fe-fc09-415b-8591-ce829c03e413,Spanish,Middle School,1,"['', 'Neural Networks', 'Recommender Systems', 'Reinforcement Learning', 'Deep Learning', 'Generative AI', 'AI in Finance', 'AI Planning and Optimization', 'Speech Recognition', 'AI in Healthcare', 'Cognitive Computing', 'Natural Language Processing', 'Computer Vision', 'Machine Learning', 'Expert Systems', 'Autonomous Vehicles', 'Robotics']","['AI Ethics', 'Recommender Systems', 'Speech Recognition']","['YouTube', 'edX', '', 'Coursera', 'Udemy', 'MIT OpenCourseWare', 'Google AI', 'DeepLearning.ai', 'Harvard Online', 'GitHub', 'Kaggle']","['IBM Watson', 'RapidMiner']"
c9baa63e-7ab3-4a7b-b630-2d581e751d53,Japanese,Master Degree,4,"['Expert Systems', '', 'AI Planning and Optimization', 'Neural Networks', 'Deep Learning', 'AI in Education', 'Recommender Systems', 'Speech Recognition', 'Robotics', 'AI in Healthcare', 'AI for Games', 'AI Ethics', 'Reinforcement Learning', 'Cognitive Computing', 'Generative AI', 'Natural Language Processing', 'Autonomous Vehicles', 'AI in Finance', 'Machine Learning']","['AI Ethics', '', 'Speech Recognition', 'AI in Education', 'Reinforcement Learning', 'Recommender Systems', 'Robotics', 'AI in Healthcare', 'Autonomous Vehicles']","['DeepLearning.ai', 'Google AI', 'Coursera', 'Kaggle']","['DataRobot', 'Hugging Face Transformers', 'TensorFlow', 'Scikit-learn', 'BigML', 'Weka', 'Microsoft Azure AI', 'Google Cloud AI', 'OpenCV', '']"
cbe5fab0-1599-4eaa-a9d8-d00c86e000cc,Polish,Undergraduate Degree,3,"['Cognitive Computing', 'AI in Finance', 'Robotics', 'Machine Learning', 'AI Planning and Optimization', 'Neural Networks', 'AI for Games', '', 'Expert Systems', 'Recommender Systems', 'AI in Education', 'Deep Learning', 'Generative AI', 'Speech Recognition', 'Reinforcement Learning', 'Autonomous Vehicles', 'Computer Vision', 'AI Ethics', 'Natural Language Processing']","['Generative AI', 'Autonomous Vehicles', 'Robotics', 'Neural Networks', 'AI Planning and Optimization', 'AI in Healthcare', 'Cognitive Computing']","['YouTube', 'Google AI', '', 'Stanford Online', 'DeepLearning.ai', 'Harvard Online', 'MIT OpenCourseWare', 'GitHub', 'Udemy', 'Kaggle', 'Coursera']","['Hugging Face Transformers', 'DataRobot', 'Amazon SageMaker', 'OpenCV', 'Google Cloud AI', 'Weka', 'Keras', 'TensorFlow', 'IBM Watson', 'RapidMiner', 'Microsoft Azure AI', 'BigML', 'PyTorch', 'OpenAI GPT', '']"
cc303727-88cf-4ec1-8183-e03d7856445f,Polish,Undergraduate Degree,3,"['Speech Recognition', 'Deep Learning', 'Neural Networks', 'AI in Healthcare', 'Recommender Systems', 'AI in Finance', 'Computer Vision']","['Cognitive Computing', 'Reinforcement Learning', 'Generative AI', 'Robotics', 'AI in Education', 'Machine Learning', 'Natural Language Processing', 'AI Ethics']",['Udemy'],"['Hugging Face Transformers', 'Keras', 'PyTorch', 'OpenCV', 'Google Cloud AI', 'OpenAI GPT', 'Weka', '', 'Amazon SageMaker', 'Scikit-learn', 'Microsoft Azure AI']"
cc747fb4-5a06-4058-9846-c5c5e4b37d26,Dutch,University,2,"['AI in Healthcare', 'Autonomous Vehicles', 'AI Ethics', 'Expert Systems', 'Recommender Systems', 'AI in Finance', 'AI for Games', 'Machine Learning']","['Computer Vision', 'Recommender Systems', 'Autonomous Vehicles', 'Generative AI', '', 'Neural Networks']","['Google AI', 'edX', 'YouTube', 'DeepLearning.ai', '', 'GitHub', 'Stanford Online', 'Udemy']","['RapidMiner', 'OpenAI GPT', 'TensorFlow']"
cd90bf0a-b568-43e8-890f-a486d5ca2dc8,German,Middle School,1,"['Computer Vision', 'Machine Learning', 'AI in Education', 'Robotics', 'Natural Language Processing', 'AI in Healthcare', 'Recommender Systems', 'Reinforcement Learning', 'AI for Games', 'Deep Learning']","['Expert Systems', 'AI Ethics', 'AI Planning and Optimization']","['DeepLearning.ai', '', 'GitHub', 'Kaggle', 'Stanford Online', 'MIT OpenCourseWare', 'Harvard Online', 'edX', 'Coursera']","['Microsoft Azure AI', 'PyTorch', 'TensorFlow', 'OpenCV', 'IBM Watson', 'BigML', 'DataRobot', 'RapidMiner', 'Scikit-learn', 'OpenAI GPT', 'Amazon SageMaker', 'Google Cloud AI', '']"
d0ac1091-9e4f-444f-81b7-ab68ed4da66f,Hindi,Undergraduate Degree,3,"['Reinforcement Learning', 'Natural Language Processing', 'AI in Education', 'Computer Vision', 'Deep Learning', 'Recommender Systems', 'Cognitive Computing']","['Computer Vision', 'Generative AI', 'AI Ethics', '', 'Cognitive Computing', 'Reinforcement Learning', 'AI for Games']","['Stanford Online', 'edX', 'Coursera', 'Google AI', 'GitHub', 'YouTube', '']","['TensorFlow', 'Microsoft Azure AI', 'PyTorch', 'Keras', 'Scikit-learn', 'OpenCV', 'RapidMiner', 'IBM Watson', 'DataRobot']"
d224ba3b-87b4-4f6b-b0e8-674f68d30bd0,Portuguese,Elementary,1,"['Computer Vision', 'AI in Education']","['Speech Recognition', 'AI in Finance']","['edX', 'Coursera', 'Harvard Online']","['Keras', 'Google Cloud AI', 'BigML', 'Hugging Face Transformers', 'Weka', 'OpenAI GPT', 'Microsoft Azure AI', 'IBM Watson', 'OpenCV', 'RapidMiner', '', 'Amazon SageMaker', 'PyTorch', 'DataRobot', 'Scikit-learn']"
d2958d5f-310a-4593-b8ad-c4e123635c58,German,Middle School,1,"['Machine Learning', 'AI in Healthcare', 'AI Ethics', 'Autonomous Vehicles', 'AI for Games', 'Expert Systems', 'Neural Networks', 'Natural Language Processing', 'Generative AI', 'Deep Learning', 'Computer Vision', 'Reinforcement Learning', 'AI Planning and Optimization', 'Robotics', 'Cognitive Computing']","['Computer Vision', 'AI in Finance', 'Neural Networks']","['MIT OpenCourseWare', 'Harvard Online', 'Stanford Online', 'Coursera', 'YouTube', 'Kaggle', '']","['PyTorch', 'OpenCV']"
d2d84493-e6ec-4c8a-b7b2-821d6818e78d,French,Middle School,1,"['Computer Vision', 'AI Planning and Optimization']","['AI Ethics', 'Reinforcement Learning', 'Robotics']","['Kaggle', 'Harvard Online', 'GitHub', 'YouTube', 'Google AI', '', 'Coursera', 'edX', 'DeepLearning.ai', 'Udemy']","['Amazon SageMaker', 'PyTorch', 'Weka', 'BigML', 'IBM Watson', 'OpenAI GPT', 'TensorFlow', '', 'Hugging Face Transformers', 'DataRobot', 'Keras', 'Google Cloud AI']"
d344559c-c7dc-4553-aafd-0972425be393,Russian,Undergraduate Degree,3,"['Reinforcement Learning', 'AI in Education', 'AI in Healthcare', 'Recommender Systems', 'Computer Vision', 'Machine Learning', '', 'Cognitive Computing', 'Neural Networks', 'Autonomous Vehicles', 'Deep Learning']","['AI in Education', 'Computer Vision', 'Recommender Systems', 'Speech Recognition', 'Reinforcement Learning', 'Cognitive Computing', 'AI in Healthcare', 'AI for Games']","['', 'edX', 'GitHub', 'Google AI', 'Udemy', 'YouTube', 'Stanford Online', 'Kaggle', 'Coursera']","['', 'Google Cloud AI', 'OpenAI GPT', 'Keras', 'RapidMiner', 'IBM Watson', 'TensorFlow']"
d445ed75-0502-4d0c-adcb-74f979809087,German,Master Degree,4,"['Reinforcement Learning', 'AI Planning and Optimization', 'Expert Systems', '', 'Recommender Systems', 'AI for Games', 'AI in Healthcare', 'AI Ethics', 'Speech Recognition', 'Cognitive Computing', 'Autonomous Vehicles', 'AI in Education', 'Deep Learning', 'Machine Learning', 'Robotics', 'Neural Networks', 'Computer Vision', 'Natural Language Processing', 'AI in Finance']","['Expert Systems', 'Computer Vision', 'AI Planning and Optimization', 'AI Ethics', 'Recommender Systems', 'Autonomous Vehicles', 'Cognitive Computing', 'AI in Education', 'Generative AI']","['Harvard Online', '', 'Google AI', 'edX']",['TensorFlow']
d4b13fdc-5b50-4a6e-bad4-1f6ce2e4d9e7,Italian,Middle School,1,"['', 'Machine Learning', 'Natural Language Processing', 'Generative AI', 'AI Planning and Optimization', 'Computer Vision', 'AI for Games', 'Autonomous Vehicles', 'AI in Education', 'Recommender Systems', 'Cognitive Computing', 'Deep Learning', 'Robotics']","['Cognitive Computing', 'Computer Vision', 'Neural Networks']","['YouTube', '', 'Google AI', 'Coursera', 'edX', 'Udemy', 'Kaggle']","['Microsoft Azure AI', 'Scikit-learn', 'BigML', 'DataRobot', 'Hugging Face Transformers', '', 'Keras', 'PyTorch', 'OpenCV', 'IBM Watson']"
d4dc8079-e018-427d-a7b1-b6452ca772e0,Bengali,Middle School,1,"['Deep Learning', 'Autonomous Vehicles', 'Reinforcement Learning', 'AI in Finance', 'Robotics', 'AI Planning and Optimization', 'Speech Recognition', 'Expert Systems', 'Neural Networks', 'Natural Language Processing', 'Machine Learning', 'AI for Games', 'Generative AI', 'Recommender Systems']","['Deep Learning', 'Reinforcement Learning', 'Neural Networks']","['', 'Udemy', 'edX', 'DeepLearning.ai', 'Google AI', 'GitHub', 'Stanford Online', 'Harvard Online', 'MIT OpenCourseWare']","['PyTorch', 'Keras', 'Microsoft Azure AI', 'IBM Watson', 'Amazon SageMaker', 'Google Cloud AI']"
d4de86d4-37cc-466b-a368-c5e6548aac27,Arabic,High School,0,"['Reinforcement Learning', 'AI in Finance', 'Deep Learning']",['AI Planning and Optimization'],"['MIT OpenCourseWare', 'edX', 'DeepLearning.ai', 'Stanford Online', 'YouTube', 'GitHub', 'Coursera', 'Harvard Online', 'Kaggle']","['OpenCV', 'Keras', 'RapidMiner', 'Hugging Face Transformers', 'TensorFlow', 'Amazon SageMaker', 'OpenAI GPT', 'Google Cloud AI', 'Scikit-learn', 'Weka', 'DataRobot', '']"
d6444452-733f-4f3d-ae3b-5f4b64b040ea,Korean,Elementary,1,"['AI Ethics', 'AI in Finance', 'Autonomous Vehicles', 'AI in Education', 'Neural Networks', 'Recommender Systems', 'Computer Vision', 'Machine Learning', 'Expert Systems', 'Natural Language Processing', 'Speech Recognition', 'AI for Games', 'Robotics', 'AI Planning and Optimization', 'AI in Healthcare', '', 'Generative AI', 'Cognitive Computing', 'Deep Learning']","['Robotics', 'Deep Learning']","['Harvard Online', 'DeepLearning.ai', 'Udemy', '', 'edX', 'MIT OpenCourseWare', 'Google AI', 'YouTube']","['Microsoft Azure AI', 'Weka', 'Amazon SageMaker', 'Keras', 'RapidMiner', 'BigML', '', 'DataRobot', 'TensorFlow']"
d6532e82-b490-48b8-930e-d17519f21351,Polish,Undergraduate Degree,3,"['Generative AI', 'Reinforcement Learning', 'AI in Finance', 'Recommender Systems', 'Computer Vision', 'Expert Systems', '', 'Neural Networks', 'AI in Education', 'Natural Language Processing', 'Machine Learning', 'Speech Recognition', 'Deep Learning']","['Speech Recognition', 'AI in Education', 'Natural Language Processing', 'Expert Systems', 'AI in Healthcare', 'Neural Networks', 'AI Ethics', 'Computer Vision']","['MIT OpenCourseWare', 'edX']","['', 'IBM Watson']"
d7ac5a1f-f5ab-4208-b506-81878c33acc9,Spanish,Middle School,1,"['Natural Language Processing', 'AI for Games', '', 'Recommender Systems', 'Computer Vision', 'AI in Education', 'Speech Recognition', 'Expert Systems']","['AI in Finance', 'AI Planning and Optimization', '']","['', 'Udemy', 'Kaggle', 'DeepLearning.ai', 'Google AI', 'edX', 'Harvard Online', 'YouTube', 'MIT OpenCourseWare']",['Amazon SageMaker']
d9ecf9c1-4e63-4b8e-8d2b-3c986a20d25d,Mandarin,University,2,"['Expert Systems', 'Reinforcement Learning', 'AI in Education', 'AI Ethics', 'AI Planning and Optimization', 'Cognitive Computing', 'AI in Finance', 'Recommender Systems', 'Autonomous Vehicles', 'AI for Games', 'AI in Healthcare', '', 'Machine Learning', 'Computer Vision', 'Robotics', 'Natural Language Processing']","['Autonomous Vehicles', 'Cognitive Computing', 'Natural Language Processing', 'Recommender Systems', 'Neural Networks', 'AI Ethics']","['Stanford Online', 'Google AI', 'DeepLearning.ai', 'edX', 'Kaggle', 'Coursera', '', 'Harvard Online', 'MIT OpenCourseWare']","['Scikit-learn', '', 'RapidMiner']"
d9f2e206-3eb9-4348-a321-29ad52ce8360,Swedish,Elementary,1,"['', 'AI in Education', 'Natural Language Processing', 'Speech Recognition', 'Reinforcement Learning', 'Expert Systems', 'Autonomous Vehicles', 'AI Ethics', 'Cognitive Computing', 'AI in Healthcare']","['Generative AI', 'Recommender Systems']",['Harvard Online'],"['Amazon SageMaker', 'OpenAI GPT', 'OpenCV', 'TensorFlow', 'Google Cloud AI', 'BigML', 'Keras', 'Microsoft Azure AI', 'DataRobot', 'Scikit-learn', 'IBM Watson']"
dab4c063-af64-4999-b21d-74f668896441,Spanish,Elementary,1,"['Speech Recognition', 'Natural Language Processing', 'Generative AI', 'AI Planning and Optimization', 'Expert Systems', 'Autonomous Vehicles']","['AI in Healthcare', 'Cognitive Computing']","['edX', 'DeepLearning.ai', 'Kaggle', '', 'Harvard Online', 'MIT OpenCourseWare', 'Stanford Online', 'Coursera']","['BigML', 'Google Cloud AI', 'IBM Watson', 'TensorFlow', 'Hugging Face Transformers', 'Scikit-learn', 'Amazon SageMaker']"
dc6d0093-db48-4df1-8512-a318cb8dfed6,Polish,Middle School,1,"['Reinforcement Learning', 'Generative AI', 'Robotics', 'Natural Language Processing', 'AI in Education', 'AI in Healthcare', 'Recommender Systems', 'Neural Networks', 'Deep Learning', 'Expert Systems', 'AI in Finance']","['Machine Learning', 'Speech Recognition', '']","['', 'Harvard Online', 'DeepLearning.ai', 'MIT OpenCourseWare', 'Google AI', 'Stanford Online', 'YouTube', 'GitHub', 'edX', 'Udemy', 'Kaggle']",['Amazon SageMaker']
dd370cc9-757f-4ee9-b363-e65f68c67e9f,Mandarin,Middle School,2,['Autonomous Vehicles'],"['Autonomous Vehicles', 'Reinforcement Learning', 'Recommender Systems', 'AI Planning and Optimization']","['Udemy', '', 'Coursera', 'DeepLearning.ai', 'edX', 'GitHub', 'Kaggle', 'Stanford Online', 'MIT OpenCourseWare']","['OpenCV', 'Amazon SageMaker', 'Hugging Face Transformers', 'BigML', 'OpenAI GPT', 'DataRobot']"
df13ab4d-b3fd-474e-ae96-052dcd6c09c4,Thai,Middle School,1,"['Generative AI', 'AI in Healthcare', 'Autonomous Vehicles', 'Recommender Systems', 'AI Ethics']","['Computer Vision', 'Recommender Systems', 'Neural Networks']","['', 'Udemy']","['OpenCV', 'Hugging Face Transformers', 'Amazon SageMaker', 'Scikit-learn', 'Microsoft Azure AI', 'OpenAI GPT', 'BigML', 'Keras', '', 'Weka']"
e032cfc5-1f4b-4d0b-a427-badaffe40b8a,Hindi,Middle School,1,"['Autonomous Vehicles', 'AI Planning and Optimization', 'Computer Vision', 'AI in Healthcare', '', 'Machine Learning', 'Generative AI', 'Recommender Systems', 'AI in Finance', 'AI in Education', 'Neural Networks', 'Reinforcement Learning', 'Cognitive Computing', 'AI for Games']","['AI Ethics', 'Natural Language Processing', 'AI in Healthcare']","['GitHub', 'Stanford Online', 'Harvard Online', '', 'MIT OpenCourseWare', 'edX', 'Kaggle', 'YouTube', 'DeepLearning.ai', 'Udemy']","['OpenAI GPT', 'RapidMiner', 'Scikit-learn', 'Weka', 'Amazon SageMaker', 'Keras', 'Microsoft Azure AI', '', 'IBM Watson', 'TensorFlow']"
e3405b1d-a835-4723-a010-18e25e8718f7,Hindi,Master Degree,4,"['Recommender Systems', 'AI in Finance', 'Machine Learning']","['AI Planning and Optimization', 'Computer Vision', 'AI in Finance', 'Machine Learning', 'Deep Learning', 'AI in Healthcare', 'Recommender Systems', 'AI Ethics', 'Reinforcement Learning']","['edX', 'Kaggle', 'Harvard Online', 'DeepLearning.ai', 'Google AI']","['Keras', 'Amazon SageMaker', 'DataRobot', 'IBM Watson', 'Scikit-learn', 'OpenAI GPT']"
e4ae3bfe-279a-4008-bf49-313e86f0693c,Polish,Middle School,1,"['Recommender Systems', 'AI in Healthcare', 'Natural Language Processing', 'Deep Learning', 'Expert Systems', 'Computer Vision', '', 'Generative AI', 'Machine Learning', 'Cognitive Computing', 'Reinforcement Learning', 'AI in Finance', 'AI Ethics', 'AI Planning and Optimization', 'Speech Recognition', 'Autonomous Vehicles', 'AI in Education', 'AI for Games', 'Robotics']","['Speech Recognition', 'Machine Learning', 'AI in Healthcare']","['Stanford Online', 'GitHub']","['DataRobot', 'Weka']"
e5dd73f8-d503-4642-bb2a-bc96992581a0,Mandarin,University,2,"['Generative AI', '', 'Machine Learning', 'AI Planning and Optimization', 'Recommender Systems', 'Neural Networks', 'Expert Systems', 'AI Ethics', 'Robotics', 'Computer Vision', 'Deep Learning', 'Natural Language Processing', 'AI in Healthcare', 'Autonomous Vehicles', 'Cognitive Computing']","['Machine Learning', 'Robotics', '', 'Neural Networks', 'AI Planning and Optimization', 'Deep Learning']","['Kaggle', 'Google AI', 'Harvard Online', 'DeepLearning.ai', 'Coursera', 'edX', 'Stanford Online', '', 'YouTube', 'Udemy', 'GitHub']","['TensorFlow', 'DataRobot', 'Hugging Face Transformers', 'Microsoft Azure AI', 'PyTorch', 'BigML']"
e6770793-d9bb-4ba0-a5d5-d629a356c0fe,Spanish,High School,0,"['Expert Systems', '']",['AI for Games'],"['DeepLearning.ai', 'Udemy', 'edX', 'MIT OpenCourseWare', '', 'Google AI']","['OpenCV', 'BigML', 'DataRobot', 'Google Cloud AI', 'Scikit-learn', 'TensorFlow', 'RapidMiner', 'PyTorch', 'Amazon SageMaker', 'Weka', '', 'IBM Watson']"
e6aaf80a-b405-4a79-b231-a943e2e43668,Hindi,Master Degree,4,"['AI in Education', 'Robotics', 'Computer Vision', 'Expert Systems', 'Natural Language Processing', 'AI Planning and Optimization', 'Generative AI', 'AI in Healthcare', 'AI in Finance', 'Recommender Systems', 'Cognitive Computing', 'Autonomous Vehicles', 'AI for Games']","['Computer Vision', 'AI Ethics', 'AI for Games', 'AI in Finance', 'AI in Education', 'AI Planning and Optimization', 'Expert Systems', 'Recommender Systems', 'Reinforcement Learning']","['MIT OpenCourseWare', 'GitHub', '', 'Coursera', 'Kaggle', 'DeepLearning.ai', 'Udemy', 'YouTube', 'Harvard Online', 'Google AI']","['BigML', 'OpenCV', 'Microsoft Azure AI', 'Weka', 'Amazon SageMaker', 'Google Cloud AI', 'RapidMiner', 'Hugging Face Transformers', 'Scikit-learn', 'Keras', 'OpenAI GPT', 'DataRobot']"
eb4926ec-22d9-470f-99f8-2bd653323f97,Spanish,Elementary,1,"['Natural Language Processing', 'AI for Games', 'Machine Learning', 'Robotics', '', 'Generative AI', 'Deep Learning', 'AI Planning and Optimization', 'Reinforcement Learning', 'Computer Vision', 'Recommender Systems', 'Neural Networks', 'Expert Systems', 'Autonomous Vehicles', 'Speech Recognition', 'AI in Finance', 'AI in Healthcare']","['Recommender Systems', 'AI for Games']","['MIT OpenCourseWare', '', 'edX', 'Coursera', 'Harvard Online']","['', 'BigML', 'TensorFlow']"
ee710229-dda7-4370-a00d-9674be4a0430,Spanish,University,2,"['AI Ethics', 'AI in Healthcare', 'Reinforcement Learning', 'Recommender Systems', 'AI Planning and Optimization', 'Cognitive Computing', '', 'Computer Vision', 'Autonomous Vehicles', 'Neural Networks', 'Machine Learning', 'AI for Games', 'Speech Recognition', 'Deep Learning', 'AI in Education', 'AI in Finance']","['Natural Language Processing', 'Cognitive Computing', 'Computer Vision', 'Recommender Systems', 'AI in Finance', 'Generative AI']","['YouTube', 'GitHub', 'Harvard Online']","['Weka', 'Amazon SageMaker', 'Hugging Face Transformers', 'TensorFlow', 'RapidMiner', 'DataRobot', 'PyTorch', 'Microsoft Azure AI', 'IBM Watson', 'OpenCV', 'Google Cloud AI', '']"
eec3439e-5161-47d7-bcdb-85c74c112d5c,Hindi,Middle School,1,"['Cognitive Computing', 'Recommender Systems', 'AI in Healthcare', 'Deep Learning', 'Generative AI', 'Natural Language Processing', 'Speech Recognition', 'Computer Vision', 'AI in Education', 'AI Ethics', 'Robotics', 'AI Planning and Optimization', 'Expert Systems', '', 'Machine Learning', 'Neural Networks']","['Natural Language Processing', 'Computer Vision', '']","['Harvard Online', 'YouTube', 'DeepLearning.ai']","['Hugging Face Transformers', 'PyTorch', 'Amazon SageMaker', 'Google Cloud AI', 'IBM Watson', 'OpenAI GPT', 'Microsoft Azure AI', 'Scikit-learn', 'Weka', 'Keras']"
ef6c9054-ac99-49cc-a370-6f9978b5b614,Turkish,Middle School,1,"['Computer Vision', 'Reinforcement Learning', 'Speech Recognition', 'AI in Education', '', 'Generative AI', 'Autonomous Vehicles', 'AI Planning and Optimization', 'Deep Learning', 'Neural Networks', 'Natural Language Processing', 'AI in Finance', 'Robotics', 'Expert Systems', 'Cognitive Computing', 'Machine Learning', 'AI in Healthcare']","['Neural Networks', 'Robotics', 'Machine Learning']","['GitHub', 'YouTube', 'Harvard Online', 'Kaggle']","['Hugging Face Transformers', 'Google Cloud AI', 'Weka', 'PyTorch', 'Amazon SageMaker']"
f0eb52f1-e5c8-4763-9400-b944b1cfe78a,Greek,Middle School,2,"['Natural Language Processing', 'Machine Learning', 'Computer Vision', 'AI in Education', 'Generative AI', 'AI Planning and Optimization', 'Speech Recognition', 'Expert Systems', 'Robotics', 'Autonomous Vehicles', 'AI Ethics', 'Neural Networks', 'Cognitive Computing', 'AI in Finance', 'AI for Games']","['Generative AI', 'Cognitive Computing', 'AI for Games', 'Recommender Systems']","['DeepLearning.ai', 'edX', 'Udemy', 'Stanford Online', '', 'Harvard Online', 'MIT OpenCourseWare', 'YouTube', 'Kaggle']","['Scikit-learn', 'Amazon SageMaker', 'Weka', 'Hugging Face Transformers', 'TensorFlow']"
f149df62-8f2e-4ef5-bb75-97cee8e3c200,German,High School,0,"['Reinforcement Learning', 'AI Ethics', 'Expert Systems', 'Speech Recognition', 'Autonomous Vehicles']",['Reinforcement Learning'],"['edX', 'Coursera', 'Udemy', 'Harvard Online', 'Stanford Online', 'MIT OpenCourseWare']","['Keras', 'Scikit-learn', 'IBM Watson', 'BigML', 'RapidMiner', 'Hugging Face Transformers', 'TensorFlow']"
f16f5416-291e-47a7-b3bc-6f9fa7e294d6,Portuguese,University,2,"['', 'AI in Finance', 'AI in Education', 'Neural Networks']","['Natural Language Processing', 'AI for Games', 'Machine Learning', 'Neural Networks', 'Expert Systems', 'Computer Vision']","['MIT OpenCourseWare', '', 'GitHub', 'Google AI', 'Stanford Online', 'edX']","['Weka', 'Microsoft Azure AI', 'OpenCV', 'Scikit-learn', 'TensorFlow', 'PyTorch', 'RapidMiner', 'Google Cloud AI', 'DataRobot', '', 'BigML', 'OpenAI GPT', 'Hugging Face Transformers', 'Amazon SageMaker', 'Keras']"
f2408474-f159-4521-8348-436a81dcca1c,French,Undergraduate Degree,3,"['Deep Learning', 'Neural Networks', 'Recommender Systems', 'Machine Learning', 'AI Ethics', 'AI in Education', 'Reinforcement Learning']","['Natural Language Processing', 'Generative AI', 'Speech Recognition', 'AI in Education', 'Neural Networks', 'Recommender Systems', 'Deep Learning']","['Kaggle', '', 'GitHub', 'Udemy', 'Stanford Online', 'Harvard Online', 'YouTube', 'DeepLearning.ai', 'Google AI', 'edX', 'Coursera']","['Amazon SageMaker', 'Hugging Face Transformers', 'RapidMiner', 'PyTorch', 'DataRobot', 'Google Cloud AI', 'OpenAI GPT', 'OpenCV', 'Keras', 'BigML', 'Microsoft Azure AI']"
f4c27411-4112-481f-a8aa-13074cfcae3d,Vietnamese,Middle School,1,"['AI for Games', 'Recommender Systems', 'Computer Vision', 'Deep Learning', 'Robotics', '']","['Computer Vision', 'Natural Language Processing', 'Robotics']","['Coursera', 'MIT OpenCourseWare', 'YouTube', '', 'Google AI', 'edX', 'DeepLearning.ai']","['Keras', 'Scikit-learn', 'Hugging Face Transformers', 'DataRobot', 'Amazon SageMaker', 'RapidMiner', 'Weka', 'OpenCV', 'IBM Watson', '', 'TensorFlow']"
f64eb1b6-7a09-4c13-b894-0d4d41930d61,Turkish,High School,0,"['Autonomous Vehicles', 'Cognitive Computing', 'Neural Networks', 'Expert Systems', 'Deep Learning', 'Speech Recognition', 'AI in Finance', 'Computer Vision', 'Robotics', 'Generative AI', 'AI for Games', 'AI in Healthcare', 'Natural Language Processing', 'AI Planning and Optimization']",['AI Ethics'],"['Udemy', 'MIT OpenCourseWare']","['Amazon SageMaker', 'OpenCV', 'Weka', 'PyTorch', 'TensorFlow', '', 'Google Cloud AI', 'Microsoft Azure AI']"
fa9d26c0-0c11-4529-ae42-5dbc6bff2e28,Thai,Middle School,2,"['AI Ethics', 'Deep Learning', 'Cognitive Computing', 'Generative AI', 'Robotics', 'Computer Vision', 'Neural Networks', 'AI in Healthcare', 'Machine Learning']","['Deep Learning', 'Machine Learning', 'Robotics', 'Reinforcement Learning']","['GitHub', 'Harvard Online', 'Udemy', 'edX', 'Coursera', 'Google AI', 'Kaggle', 'Stanford Online', 'YouTube']","['OpenAI GPT', '', 'Hugging Face Transformers', 'TensorFlow', 'Scikit-learn', 'IBM Watson', 'OpenCV', 'Weka', 'BigML', 'RapidMiner', 'Google Cloud AI', 'Keras', 'Amazon SageMaker']"
fcbf03ec-337d-40a4-9c5f-61fa248df482,French,University,2,"['AI Planning and Optimization', 'Expert Systems']","['AI in Education', 'Autonomous Vehicles', 'Recommender Systems', '', 'Robotics', 'AI in Finance']","['Coursera', 'MIT OpenCourseWare', 'Kaggle']","['BigML', 'Google Cloud AI', 'Hugging Face Transformers', 'PyTorch', 'DataRobot', 'OpenAI GPT', 'Weka', '', 'Amazon SageMaker', 'OpenCV']"
fccd8711-322d-463a-9abe-bef7bdbef6f5,Polish,Middle School,2,"['Computer Vision', 'Recommender Systems', 'Reinforcement Learning', 'AI in Education', 'AI Planning and Optimization', 'Autonomous Vehicles', '', 'Neural Networks', 'AI in Healthcare', 'Cognitive Computing', 'Generative AI', 'Expert Systems', 'AI Ethics', 'Speech Recognition', 'AI for Games', 'Deep Learning', 'AI in Finance', 'Robotics', 'Machine Learning']","['Machine Learning', 'AI in Education', 'Cognitive Computing', 'AI in Finance']",['Google AI'],"['OpenCV', 'Keras', 'Scikit-learn', 'Hugging Face Transformers', 'DataRobot', '', 'BigML', 'PyTorch']"
fd551239-7746-46e8-8725-cd0da535d7dc,English,High School,0,['Reinforcement Learning'],['Deep Learning'],"['Coursera', 'DeepLearning.ai', 'MIT OpenCourseWare', 'edX', 'Udemy', 'GitHub', 'Kaggle']","['OpenCV', 'Amazon SageMaker', 'Keras', 'OpenAI GPT', 'Microsoft Azure AI', 'IBM Watson', 'Google Cloud AI']"
