,id,currentEducation,experienceYears,language,interest_list,skill_list,learningResource_list,tools_list
0,09402335-8314-428f-9034-05f82dbb6e86,Elementary,1,Bengali,"['Natural Language Processing', 'Machine Learning', 'Autonomous Vehicles', 'Deep Learning', '', 'Recommender Systems', 'Generative AI', 'Speech Recognition', 'Robotics', 'AI in Finance', 'Cognitive Computing', 'Neural Networks']","['Coursera', 'DeepLearning.ai']","['YouTube', 'MIT OpenCourseWare', 'Google AI', 'GitHub', 'Coursera', 'DeepLearning.ai', 'edX']","['OpenAI GPT', 'TensorFlow', 'Keras', 'BigML', 'OpenCV', 'IBM Watson']"
1,0954250a-ff74-4d53-9a24-158079dc4c46,Master Degree,4,Polish,"['Speech Recognition', 'Computer Vision', 'Expert Systems', '', 'AI for Games']","['Harvard Online', 'Google AI', 'GitHub', 'edX', 'Stanford Online', 'Coursera', 'YouTube', 'MIT OpenCourseWare', 'DeepLearning.ai']","['Kaggle', 'edX', 'Udemy', 'YouTube', 'GitHub', 'Harvard Online', 'DeepLearning.ai', 'MIT OpenCourseWare']","['OpenCV', 'TensorFlow', 'PyTorch', 'OpenAI GPT', 'Google Cloud AI', 'RapidMiner', 'Microsoft Azure AI', 'BigML', 'DataRobot', 'Scikit-learn', 'Hugging Face Transformers', 'IBM Watson']"
2,0ddaa6f8-dd89-436c-9f32-3e6681196334,Master Degree,4,Korean,['Recommender Systems'],"['YouTube', 'Kaggle', 'edX', 'Harvard Online', 'Stanford Online', 'Udemy', 'MIT OpenCourseWare', 'GitHub', 'Google AI']","['Harvard Online', 'Coursera', 'edX', 'Stanford Online', 'MIT OpenCourseWare', 'GitHub', 'YouTube']","['PyTorch', 'RapidMiner', 'Keras', 'BigML', 'Scikit-learn', 'OpenAI GPT', 'DataRobot', 'Amazon SageMaker', 'Microsoft Azure AI', 'Hugging Face Transformers', 'TensorFlow', 'OpenCV', 'Weka', 'Google Cloud AI', 'IBM Watson']"
3,0de5ae3b-df5f-4b37-b2ff-bf02688cf82d,Undergraduate Degree,3,Portuguese,"['Autonomous Vehicles', 'AI for Games', 'Robotics']","['Kaggle', 'edX', 'Stanford Online', '', 'MIT OpenCourseWare', 'DeepLearning.ai', 'YouTube', 'Google AI']","['MIT OpenCourseWare', 'Google AI', 'Stanford Online', 'Harvard Online', 'Coursera', 'YouTube', 'edX', 'Udemy', 'Kaggle', '', 'DeepLearning.ai']",['OpenCV']
4,0e2d3a93-8e69-4e94-bfe7-3b6389fadd9e,Elementary,1,German,"['Computer Vision', 'Speech Recognition', 'AI in Education', 'Natural Language Processing', 'Autonomous Vehicles', 'AI in Healthcare', 'Generative AI', 'Deep Learning', 'Expert Systems', 'Machine Learning', 'AI Planning and']","['Harvard Online', 'MIT OpenCourseWare']","['MIT OpenCourseWare', 'YouTube', 'Stanford Online', 'edX', '', 'Coursera', 'GitHub', 'Harvard Online']","['RapidMiner', 'OpenCV', 'Microsoft Azure AI', 'PyTorch']"
5,0fd7f501-e247-4d66-bb2e-482bcd5598b7,Elementary,1,Thai,"['Robotics', 'AI Planning and Optimization', 'Natural Language Processing', 'Computer Vision', 'AI Ethics', 'Recommender Systems', 'AI for Games', 'Expert Systems', '', 'AI in Education', 'Autonomous Vehicles', 'Deep Learning', '']","['YouTube', 'Coursera']","['GitHub', 'edX', 'Harvard Online', '', 'Stanford Online']","['Google Cloud AI', 'PyTorch', 'OpenCV', 'Weka', '', 'IBM Watson', 'OpenAI GPT', 'TensorFlow', 'RapidMiner', 'Hugging Face Transformers', 'DataRobot', 'Amazon SageMaker']"
6,11b4c66b-19fa-4e2c-a253-402658b31f03,Elementary,1,Dutch,"['Reinforcement Learning', 'Computer Vision', 'AI in Healthcare', 'AI for Games', 'Robotics', 'Deep Learning', 'Neural Networks', 'AI in Finance', 'Speech Recognition', 'AI in Education', 'Generative AI', 'Natural Language Pro']","['Kaggle', 'YouTube']","['Stanford Online', 'Coursera', '', 'DeepLearning.ai', 'Harvard Online', 'Google AI', 'Udemy', 'Kaggle', 'edX', 'MIT OpenCourseWare', 'YouTube']","['RapidMiner', 'BigML', 'Scikit-learn']"
7,11dec26c-5706-4f18-892f-13e928042847,High School,0,Thai,"['AI in Finance', 'Recommender Systems', 'AI in Healthcare']",['Kaggle'],"['GitHub', '', 'Harvard Online']","['Weka', '', 'BigML', 'Google Cloud AI', 'TensorFlow', 'Microsoft Azure AI', 'IBM Watson', 'DataRobot', 'Keras', 'OpenCV', 'Hugging Face Transformers', 'OpenAI GPT', 'PyTorch', 'Amazon SageMaker', 'Scikit-learn']"
8,13892b68-8a7e-4c62-ac13-61bd64b562fb,University,2,Turkish,"['', 'Generative AI', 'AI for Games', 'AI in Healthcare', 'AI Ethics', 'Neural Networks', 'Robotics', 'Machine Learning', 'Deep Learning', 'Speech Recognition', 'Autonomous Vehicles', 'AI in Finance', 'AI in Education', 'Computer Vi']","['Kaggle', '', 'Harvard Online', 'YouTube', 'Stanford Online', 'Coursera']","['Udemy', 'MIT OpenCourseWare', 'YouTube', 'edX', '', 'Harvard Online', 'Google AI', 'Kaggle', 'Coursera', 'GitHub', 'DeepLearning.ai']","['OpenCV', 'DataRobot', 'RapidMiner', 'Hugging Face Transformers', 'Google Cloud AI', 'Scikit-learn', 'PyTorch', 'Amazon SageMaker', 'TensorFlow', 'OpenAI GPT', 'Microsoft Azure AI', 'IBM Watson', 'BigML']"
11,171398b6-15a8-4543-8941-8710e20d16f9,Master Degree,4,Swedish,"['Cognitive Computing', 'AI in Finance', 'Machine Learning', 'Speech Recognition', 'AI for Games', '', 'Robotics', 'AI in Healthcare', 'AI Ethics', 'Autonomous Vehicles', 'Natural Language Processing']","['DeepLearning.ai', 'GitHub', 'Harvard Online', 'Stanford Online', 'Udemy', 'MIT OpenCourseWare', 'edX', 'YouTube', 'Kaggle']","['DeepLearning.ai', 'Coursera', 'YouTube', 'Stanford Online', 'Kaggle', 'Google AI', 'MIT OpenCourseWare']","['Hugging Face Transformers', 'OpenCV', 'TensorFlow', 'Scikit-learn', 'Google Cloud AI', 'DataRobot', 'Microsoft Azure AI', 'RapidMiner', 'PyTorch', 'Weka', 'Keras', '', 'IBM Watson', 'BigML']"
12,1863818a-b833-4b5c-a3b5-f9417dafe3fe,Undergraduate Degree,3,English,"['Reinforcement Learning', 'Deep Learning', 'AI Planning and Optimization', 'Generative AI', 'Speech Recognition', 'Computer Vision', 'AI for Games', 'AI Ethics', 'Robotics', 'Recommender Systems', 'Neural Networks', 'Cognitiv']","['Stanford Online', 'GitHub', 'Harvard Online', '', 'MIT OpenCourseWare', 'Udemy', 'Coursera', 'Kaggle']","['DeepLearning.ai', 'GitHub', 'Stanford Online']","['Hugging Face Transformers', 'PyTorch']"
13,18bfebc6-892c-4fdb-8541-ebeefc5f65e9,Middle School,1,Spanish,"['Deep Learning', 'Robotics']","['DeepLearning.ai', 'GitHub', 'Udemy']","['Kaggle', '', 'DeepLearning.ai', 'Coursera', 'Google AI', 'MIT OpenCourseWare']",['Amazon SageMaker']
14,19b46089-aa96-42fc-ba03-9116e20fd327,Undergraduate Degree,3,Spanish,"['', 'Machine Learning']","['Kaggle', 'Stanford Online', 'Coursera', 'Harvard Online', '', 'MIT OpenCourseWare', 'DeepLearning.ai', 'Udemy']","['YouTube', 'Coursera', 'Google AI', 'Kaggle', 'edX', 'Harvard Online', 'GitHub', 'Stanford Online', 'MIT OpenCourseWare']","['Amazon SageMaker', 'Weka', 'TensorFlow', 'Hugging Face Transformers', 'Keras', 'OpenCV', 'RapidMiner', 'BigML', 'Google Cloud AI']"
15,1a585eed-df32-485c-9670-26df6013a534,Elementary,1,Arabic,"['AI in Finance', 'AI Ethics', 'Speech Recognition', 'Reinforcement Learning', 'Generative AI', 'AI Planning and Optimization', 'Cognitive Computing', 'Neural Networks', 'Natural Language Processing', '', 'Computer Vision', 'A']","['Udemy', 'MIT OpenCourseWare']","['', 'Kaggle', 'Google AI', 'Harvard Online', 'YouTube', 'Udemy']","['PyTorch', 'Keras', 'RapidMiner', 'DataRobot', 'Weka', '', 'Scikit-learn', 'IBM Watson', 'Google Cloud AI', 'Hugging Face Transformers', 'Amazon SageMaker', 'OpenCV', 'Microsoft Azure AI', 'TensorFlow']"
16,1c3bbc5d-7bb8-4290-b8a8-ba8ab4643fec,Master Degree,4,Japanese,"['Cognitive Computing', 'Reinforcement Learning', 'AI in Education', 'AI Planning and Optimization', 'AI for Games', 'Speech Recognition', 'Natural Language Processing', 'AI in Healthcare', 'Generative AI', 'Recommender ']","['', 'Udemy', 'DeepLearning.ai', 'Stanford Online', 'Google AI', 'MIT OpenCourseWare', 'edX', 'YouTube', 'Kaggle']","['Harvard Online', 'Udemy', '', 'MIT OpenCourseWare', 'Coursera', 'YouTube', 'Stanford Online']","['Google Cloud AI', 'BigML', 'Hugging Face Transformers', 'Scikit-learn', 'DataRobot']"
17,1cd2f846-f60a-450b-ab86-1312e6649dc8,Master Degree,4,Japanese,"['AI in Education', 'Recommender Systems', 'AI for Games', 'Natural Language Processing']","['DeepLearning.ai', 'Kaggle', 'YouTube', 'Harvard Online', 'Coursera', 'MIT OpenCourseWare', 'Google AI', 'Stanford Online', 'Udemy']","['MIT OpenCourseWare', 'edX', 'YouTube', 'GitHub', 'Udemy', 'Kaggle']",['OpenAI GPT']
18,1deda068-668b-46bd-a4e4-dfcb6fc0942d,Undergraduate Degree,3,Portuguese,"['Neural Networks', 'AI Ethics', 'Deep Learning', 'Cognitive Computing', 'Speech Recognition', 'Natural Language Processing', 'Reinforcement Learning', 'Computer Vision', 'Autonomous Vehicles', 'Expert Systems', 'Machine Le']","['YouTube', 'Coursera', 'MIT OpenCourseWare', 'Stanford Online', 'Harvard Online', 'edX', 'Udemy']","['GitHub', 'Harvard Online', 'MIT OpenCourseWare', 'edX', 'Kaggle', 'DeepLearning.ai', '', 'Coursera']","['TensorFlow', 'Keras', 'Scikit-learn', 'Hugging Face Transformers', 'RapidMiner', 'Weka', 'PyTorch', 'OpenAI GPT', 'Microsoft Azure AI', 'Amazon SageMaker', 'DataRobot', 'Google Cloud AI', 'IBM Watson', '', 'OpenCV']"
20,20ff8ac2-6832-454e-a2e3-43c1c53f1638,Middle School,1,Hindi,"['Expert Systems', 'AI in Education', 'Natural Language Processing', 'Deep Learning', 'Machine Learning', 'Reinforcement Learning', 'AI Planning and Optimization', 'AI in Finance', 'Robotics', 'Speech Recognition', '', 'AI in ']","['YouTube', '', 'GitHub']","['edX', 'Coursera', 'Kaggle', 'GitHub', 'YouTube', 'Udemy', 'MIT OpenCourseWare']","['OpenAI GPT', 'DataRobot', 'Scikit-learn', 'IBM Watson', 'OpenCV', 'RapidMiner', 'PyTorch', 'TensorFlow']"
21,220e76e5-8f57-49b3-8d9b-b7b75aed810c,University,2,Bengali,"['Cognitive Computing', 'Computer Vision', 'Natural Language Processing', 'AI in Education', '', 'Speech Recognition', 'AI in Finance', 'Expert Systems', 'Robotics', 'Recommender Systems', 'Deep Learning']","['GitHub', 'Kaggle', 'Coursera', 'MIT OpenCourseWare', 'Stanford Online', 'Google AI']","['edX', '']","['Keras', 'Microsoft Azure AI', 'IBM Watson', 'DataRobot', 'Weka']"
23,2431d32b-b6b6-44bf-ab71-b19a0f08bf13,Undergraduate Degree,3,Dutch,"['Robotics', 'Computer Vision', 'Speech Recognition', 'Deep Learning', 'AI in Education', 'Cognitive Computing', 'Recommender Systems', 'AI in Healthcare']","['edX', 'YouTube', 'GitHub', '', 'Harvard Online', 'Kaggle', 'Stanford Online']","['Kaggle', 'Harvard Online', 'Coursera', 'edX']","['DataRobot', 'Amazon SageMaker', 'RapidMiner', 'OpenCV']"
24,2463b61f-9dc6-4dc1-9c4c-1d8d00ef48bc,Elementary,1,Arabic,"['Reinforcement Learning', 'AI in Finance', 'Computer Vision']","['Google AI', 'Coursera']","['DeepLearning.ai', 'edX', 'GitHub', 'Stanford Online', 'MIT OpenCourseWare']","['Weka', 'OpenCV', 'Keras', 'Scikit-learn', 'PyTorch', 'Google Cloud AI', 'RapidMiner']"
25,2ad2e365-640c-424c-84ef-8c80d1943cfc,High School,0,Mandarin,"['Deep Learning', 'Reinforcement Learning', 'Recommender Systems', 'Speech Recognition', 'AI in Education', 'AI Planning and Optimization']",['Google AI'],"['Google AI', 'Harvard Online', 'Coursera', 'Kaggle', 'DeepLearning.ai', 'Stanford Online', 'edX', 'GitHub', '', 'Udemy']","['Microsoft Azure AI', 'BigML', 'Amazon SageMaker', 'OpenCV']"
26,2aee9008-c701-4165-a3a0-fbf514c20499,High School,0,Japanese,"['Speech Recognition', 'Natural Language Processing', 'Reinforcement Learning', 'AI in Education', 'Machine Learning', 'Deep Learning', 'Computer Vision', 'AI Planning and Optimization', 'Cognitive Computing', 'Recommend']",['YouTube'],"['Coursera', 'DeepLearning.ai', 'GitHub', 'Udemy', 'edX', 'Google AI', 'MIT OpenCourseWare']","['PyTorch', 'OpenAI GPT', 'Hugging Face Transformers', 'Scikit-learn', '', 'DataRobot', 'TensorFlow', 'Google Cloud AI', 'OpenCV', 'Microsoft Azure AI', 'Amazon SageMaker', 'BigML']"
27,2b95436e-9ebb-4b77-a218-33d8b2ce8db5,Undergraduate Degree,3,Polish,"['Autonomous Vehicles', 'Reinforcement Learning', 'AI for Games']","['Harvard Online', 'Google AI', 'Kaggle', 'GitHub', 'edX', 'MIT OpenCourseWare', '', 'Stanford Online']","['GitHub', 'DeepLearning.ai', 'MIT OpenCourseWare']","['Google Cloud AI', 'Microsoft Azure AI', 'RapidMiner', 'Scikit-learn', 'OpenAI GPT', 'Hugging Face Transformers', 'Amazon SageMaker', 'DataRobot', 'TensorFlow', 'OpenCV', 'BigML', '']"
29,2db1bd2b-f466-4bc3-8c24-34973444a8a5,Master Degree,4,Thai,"['Recommender Systems', 'AI in Education', 'Cognitive Computing', 'AI in Healthcare', 'Generative AI', 'Natural Language Processing', 'Machine Learning', 'AI in Finance', 'Autonomous Vehicles', 'Expert Systems', '', 'AI Planni']","['Google AI', 'Udemy', 'Harvard Online', 'Coursera', 'YouTube', 'MIT OpenCourseWare', 'Kaggle', 'DeepLearning.ai', 'GitHub']",['Udemy'],"['IBM Watson', 'BigML', '', 'PyTorch', 'RapidMiner', 'Keras', 'Microsoft Azure AI', 'Weka']"
30,2e339389-9b11-4bda-b031-0d5b8381c897,Middle School,2,Dutch,"['AI for Games', 'Natural Language Processing', 'AI in Education', 'Recommender Systems', 'Reinforcement Learning', 'Robotics', 'Expert Systems', 'Autonomous Vehicles', 'Computer Vision', 'AI in Healthcare', 'Cognitive Comp']","['YouTube', 'Harvard Online', 'Coursera', 'Stanford Online']","['Coursera', 'Udemy', 'edX', 'Google AI', 'MIT OpenCourseWare', 'Harvard Online']","['Hugging Face Transformers', 'Keras', 'DataRobot']"
31,2f571cbd-6ffa-4e7c-af10-a7533a92bc0a,Undergraduate Degree,3,French,"['AI for Games', 'AI Ethics', 'AI Planning and Optimization', 'Natural Language Processing', 'Generative AI', 'Cognitive Computing', 'Autonomous Vehicles', 'Neural Networks', 'Recommender Systems', 'Deep Learning', 'AI in F']","['Stanford Online', 'edX', 'MIT OpenCourseWare', 'Google AI', 'Coursera', '', 'Harvard Online', 'Udemy']","['YouTube', 'Stanford Online', 'edX', 'Google AI', 'Udemy', 'DeepLearning.ai', 'MIT OpenCourseWare']","['RapidMiner', 'Weka']"
32,2f6ce80b-b4d9-42f4-8b74-4c38327f57e5,Middle School,2,Arabic,"['Robotics', 'AI in Healthcare', 'Autonomous Vehicles', 'Cognitive Computing', 'Natural Language Processing', 'Expert Systems', 'AI for Games', '', 'AI Planning and Optimization', 'Computer Vision', 'Recommender Systems', 'Neu']","['Udemy', '', 'Harvard Online', 'Kaggle']","['Coursera', 'Google AI', 'edX', 'Harvard Online', 'Stanford Online', 'MIT OpenCourseWare', 'Kaggle', 'DeepLearning.ai', 'YouTube', 'Udemy', 'GitHub']","['', 'Scikit-learn', 'PyTorch', 'Microsoft Azure AI', 'RapidMiner', 'TensorFlow', 'OpenAI GPT', 'Weka', 'OpenCV']"
34,30efe1b5-4ac5-4a3c-bcf2-d9edce794779,Undergraduate Degree,3,Spanish,"['AI in Education', 'Recommender Systems', '', 'Computer Vision', 'Robotics', 'Autonomous Vehicles']","['YouTube', 'edX', '', 'Kaggle', 'Harvard Online', 'Udemy', 'GitHub']","['GitHub', 'Google AI', 'DeepLearning.ai', 'Harvard Online', 'edX', 'Stanford Online', 'Kaggle', 'MIT OpenCourseWare', '', 'Udemy', 'YouTube']","['DataRobot', 'Microsoft Azure AI', 'Amazon SageMaker', 'Scikit-learn']"
35,3100da41-1ca7-4349-b6e5-6726110a42a7,Middle School,1,French,"['Cognitive Computing', 'Reinforcement Learning', 'AI in Education', 'Speech Recognition', 'AI in Healthcare', 'AI for Games', 'Deep Learning', '', 'Generative AI', 'Computer Vision', 'AI Planning and Optimization', 'Machine L']","['Google AI', '', 'Harvard Online']","['edX', 'MIT OpenCourseWare', '', 'Harvard Online']","['OpenAI GPT', 'OpenCV']"
37,3401f5e5-ef48-4a21-9c75-da64e482e795,Undergraduate Degree,3,Japanese,"['Speech Recognition', 'Expert Systems', 'Natural Language Processing', 'Robotics', 'Generative AI', 'AI for Games', '', 'Machine Learning', 'AI in Education', 'Computer Vision', 'AI in Finance', 'Deep Learning', 'Neural Networks']","['DeepLearning.ai', 'Coursera', 'edX', 'Harvard Online', '', 'Google AI', 'GitHub']","['edX', 'MIT OpenCourseWare', 'Coursera', 'Google AI', 'Harvard Online', 'DeepLearning.ai', 'Udemy', 'Kaggle', 'Stanford Online', '']","['Scikit-learn', 'PyTorch', 'Keras', 'Weka']"
38,366cf9ea-df58-486e-bb33-db10b4eb25bf,Middle School,2,Hindi,"['AI in Healthcare', 'Machine Learning', 'AI in Finance', 'Neural Networks', 'Reinforcement Learning', 'Autonomous Vehicles']","['Harvard Online', 'Kaggle', 'edX', 'Google AI']","['', 'GitHub', 'YouTube', 'Udemy', 'MIT OpenCourseWare', 'DeepLearning.ai']","['OpenAI GPT', 'Microsoft Azure AI', 'OpenCV', 'DataRobot', 'Keras', 'PyTorch', 'RapidMiner', 'TensorFlow', 'IBM Watson', '']"
39,372ea012-16e1-4cca-83c8-c0e35601ad20,Undergraduate Degree,3,Vietnamese,"['AI in Finance', '', 'Generative AI', 'AI in Healthcare', 'Neural Networks', 'Expert Systems', 'Autonomous Vehicles', 'Recommender Systems', 'AI in Education', 'Reinforcement Learning', 'AI Planning and Optimization', 'Comput']","['edX', 'DeepLearning.ai', 'Kaggle', 'Google AI', 'Harvard Online', 'YouTube', 'Coursera']","['Udemy', 'Coursera', 'edX', 'Stanford Online']","['OpenCV', 'Hugging Face Transformers', 'Amazon SageMaker']"
41,39353cbe-8573-4d4b-8235-03f4ca895a86,High School,0,Vietnamese,"['', 'Reinforcement Learning', 'Cognitive Computing', 'Machine Learning', 'AI Planning and Optimization', 'Neural Networks', 'Autonomous Vehicles', 'AI for Games']",['edX'],"['Harvard Online', 'Udemy', 'Google AI', 'edX', 'MIT OpenCourseWare', 'GitHub', 'Kaggle', '', 'DeepLearning.ai']","['OpenAI GPT', 'TensorFlow', 'IBM Watson', 'Keras', 'Weka']"
42,39691059-a397-4d89-a05f-09bb86dea863,Middle School,1,Vietnamese,"['Reinforcement Learning', 'Expert Systems', 'Deep Learning', 'Speech Recognition', 'Autonomous Vehicles']","['Udemy', 'Harvard Online', 'Coursera']","['Udemy', 'Coursera', 'Google AI']","['OpenAI GPT', 'DataRobot']"
43,3a7462ed-6672-450b-b8eb-01274330ff40,University,2,Polish,"['Generative AI', 'Speech Recognition', 'Natural Language Processing', 'AI in Healthcare', 'AI Planning and Optimization', 'Machine Learning', 'AI in Education', 'Robotics', '', 'Computer Vision', 'Reinforcement Learning', 'AI']","['DeepLearning.ai', 'Coursera', '', 'Udemy', 'Harvard Online', 'GitHub']","['Udemy', 'Google AI', 'Kaggle', 'edX', 'Stanford Online', 'MIT OpenCourseWare', 'Coursera', 'Harvard Online', '', 'YouTube']","['Weka', 'Scikit-learn', 'RapidMiner', 'DataRobot', 'PyTorch', 'Hugging Face Transformers', 'Google Cloud AI', 'Keras', 'OpenAI GPT', 'Microsoft Azure AI']"
44,3b74ad2c-30df-470b-8817-7c2143139a04,Elementary,1,Dutch,"['AI Planning and Optimization', 'Speech Recognition', 'Cognitive Computing', 'Neural Networks', 'Generative AI', 'AI in Education', 'Autonomous Vehicles', 'Natural Language Processing', 'Reinforcement Learning', 'Comput']","['YouTube', 'Kaggle']","['Harvard Online', 'MIT OpenCourseWare', 'Udemy', '', 'Coursera', 'GitHub', 'DeepLearning.ai', 'YouTube', 'edX']","['Hugging Face Transformers', 'OpenCV', 'Scikit-learn', 'IBM Watson', 'RapidMiner', 'Microsoft Azure AI', 'Amazon SageMaker', 'TensorFlow', 'DataRobot', '', 'Google Cloud AI', 'Weka']"
45,3bf8503d-0553-4549-996b-ddcc5c843091,University,2,Spanish,"['AI Planning and Optimization', 'Speech Recognition', 'Natural Language Processing', 'Neural Networks', 'AI in Healthcare', 'AI for Games', 'Recommender Systems', 'Reinforcement Learning']","['Kaggle', 'Udemy', 'Google AI', 'Harvard Online', 'DeepLearning.ai', 'YouTube']","['Kaggle', 'Google AI', 'MIT OpenCourseWare', 'GitHub', 'Stanford Online', 'DeepLearning.ai']","['Microsoft Azure AI', 'OpenAI GPT', 'DataRobot', 'PyTorch', 'Keras', 'Hugging Face Transformers', 'Amazon SageMaker', 'OpenCV', 'TensorFlow']"
46,3c5b467a-c26b-4592-b2a5-cb85fd5fc77d,Middle School,2,German,"['AI in Finance', 'Neural Networks', 'Generative AI', 'AI for Games']","['edX', 'Kaggle', 'Coursera', 'Harvard Online']","['Kaggle', 'GitHub', 'Udemy', 'YouTube', 'DeepLearning.ai', 'Stanford Online', '']","['Hugging Face Transformers', 'TensorFlow', 'BigML', 'Microsoft Azure AI', 'Weka']"
47,3ce70383-e847-47a2-aded-734fb96b1041,Elementary,1,Portuguese,"['Robotics', 'AI for Games', 'AI Planning and Optimization', 'Recommender Systems', 'Neural Networks', 'Expert Systems', 'AI Ethics', 'Generative AI', '', 'AI in Healthcare']","['GitHub', 'Stanford Online']","['Google AI', 'DeepLearning.ai', 'Udemy', 'MIT OpenCourseWare', 'Kaggle', 'edX', 'Harvard Online']","['IBM Watson', 'Hugging Face Transformers', 'TensorFlow']"
49,3e5f9400-218b-42f0-9a55-b23f977b117b,Middle School,1,Japanese,"['AI in Healthcare', 'Reinforcement Learning', 'Speech Recognition', 'Natural Language Processing', 'Cognitive Computing', 'Expert Systems', '', 'Neural Networks', 'Generative AI', 'Autonomous Vehicles', 'AI Planning and Op']","['YouTube', 'edX', 'MIT OpenCourseWare']","['DeepLearning.ai', '', 'edX', 'Coursera', 'Harvard Online', 'GitHub']","['IBM Watson', 'Hugging Face Transformers', 'Microsoft Azure AI', 'OpenCV', 'BigML', 'Google Cloud AI']"
50,3e66e6ec-d2bf-4f33-bbdd-d382f651cc2b,Undergraduate Degree,3,Spanish,"['Natural Language Processing', 'AI for Games', '', 'AI in Healthcare', 'AI Ethics', 'Machine Learning', 'Robotics', 'Cognitive Computing', 'Computer Vision', 'AI in Education', 'Recommender Systems', 'AI in Finance', 'Neural Net']","['Harvard Online', 'Google AI', 'YouTube', 'Udemy', 'Coursera', '', 'GitHub', 'Stanford Online']","['Kaggle', 'GitHub']","['DataRobot', 'Hugging Face Transformers', 'Keras', 'TensorFlow', 'BigML', 'IBM Watson', 'Amazon SageMaker', 'PyTorch', 'OpenCV', 'OpenAI GPT', 'Scikit-learn']"
51,3f0dcbe5-4267-4932-b804-2ab304732ec1,Middle School,1,Dutch,"['Reinforcement Learning', 'Cognitive Computing', 'Natural Language Processing', 'Expert Systems', 'Machine Learning', 'Neural Networks', 'AI for Games', 'AI in Finance', 'Deep Learning', 'AI in Healthcare', 'Recommender Sy']","['edX', 'Google AI', 'Stanford Online']",['Stanford Online'],"['IBM Watson', 'PyTorch', 'Keras', 'RapidMiner', 'Hugging Face Transformers', 'BigML']"
52,451fe4f8-0c73-4572-93a1-595824344594,Undergraduate Degree,3,Italian,['Expert Systems'],"['Kaggle', 'Harvard Online', '', 'Udemy', 'DeepLearning.ai', 'edX', 'MIT OpenCourseWare', 'YouTube']","['Harvard Online', 'GitHub', 'Stanford Online', 'YouTube', 'edX', 'Google AI', 'Kaggle']","['Hugging Face Transformers', 'OpenCV', 'Keras']"
53,45c7868c-5f69-4818-b3d1-5ece98c4d8df,University,2,German,"['Generative AI', 'Deep Learning', 'Machine Learning', 'AI in Finance']","['Harvard Online', 'Udemy', '', 'Google AI', 'edX', 'Stanford Online']","['edX', 'Stanford Online', 'Kaggle', 'MIT OpenCourseWare', 'YouTube', 'Coursera', 'DeepLearning.ai']","['DataRobot', 'TensorFlow']"
54,45d9335e-d7a1-4996-8c99-15f6599927e5,Undergraduate Degree,3,Turkish,"['Expert Systems', '', 'Speech Recognition', 'AI in Education', 'Neural Networks']","['YouTube', 'Stanford Online', 'Udemy', 'edX', 'GitHub', 'Kaggle', 'Coursera', 'DeepLearning.ai']","['', 'DeepLearning.ai', 'Coursera', 'edX', 'Harvard Online', 'YouTube', 'GitHub', 'MIT OpenCourseWare', 'Udemy', 'Stanford Online', 'Kaggle']","['BigML', 'Scikit-learn', 'TensorFlow', '', 'IBM Watson', 'PyTorch', 'OpenCV']"
56,486f0a3b-e9f3-46fa-b744-2ffa8b5d1a30,High School,0,Russian,"['', 'AI in Healthcare', 'Expert Systems', 'Neural Networks']",['GitHub'],"['Google AI', 'YouTube', 'MIT OpenCourseWare', 'DeepLearning.ai', 'Kaggle', 'edX', '', 'Udemy', 'Harvard Online']","['Hugging Face Transformers', 'Google Cloud AI', 'DataRobot', 'Amazon SageMaker', 'OpenAI GPT', 'Scikit-learn', 'BigML', 'IBM Watson', 'OpenCV', 'Weka', 'Microsoft Azure AI', 'PyTorch', 'RapidMiner', 'Keras']"
58,4adf9f96-2e80-4951-9c6f-7a0729a7d56c,Undergraduate Degree,3,French,['Expert Systems'],"['Harvard Online', 'GitHub', 'Google AI', 'DeepLearning.ai', 'Stanford Online', 'Kaggle', 'MIT OpenCourseWare']","['', 'Harvard Online', 'MIT OpenCourseWare', 'edX', 'YouTube', 'Coursera', 'Kaggle', 'Udemy', 'Google AI']","['PyTorch', 'DataRobot', 'Amazon SageMaker', '']"
59,4af72bd2-ce62-4402-91c7-5b0e576b21db,Undergraduate Degree,3,Arabic,"['Natural Language Processing', 'AI in Education', 'AI Ethics', 'Speech Recognition', 'Deep Learning', 'Autonomous Vehicles', 'AI in Healthcare', '', 'Expert Systems', 'AI Planning and Optimization', 'Neural Networks', 'Roboti']","['YouTube', 'Harvard Online', 'Kaggle', 'MIT OpenCourseWare', 'Udemy', 'Stanford Online', '']","['Stanford Online', 'GitHub', 'Kaggle', 'YouTube', 'DeepLearning.ai', 'edX', '', 'Google AI']","['Microsoft Azure AI', 'Amazon SageMaker', 'Scikit-learn', 'OpenAI GPT', 'PyTorch', 'DataRobot', 'BigML', 'Keras', 'Google Cloud AI', 'IBM Watson', 'Hugging Face Transformers', '']"
60,4d2dde16-5a42-4766-9852-b27369033a1f,Master Degree,4,Vietnamese,"['', 'Natural Language Processing', 'AI in Education', 'Expert Systems', 'AI Ethics', 'Machine Learning', 'Cognitive Computing', 'Neural Networks', 'Deep Learning']","['DeepLearning.ai', 'Google AI', 'MIT OpenCourseWare', 'Stanford Online', '', 'GitHub', 'Harvard Online', 'Coursera', 'edX']","['DeepLearning.ai', 'Google AI', '', 'Kaggle', 'GitHub', 'Stanford Online']",['OpenAI GPT']
61,4d56588a-8a82-4559-8735-13950ca6a34d,Undergraduate Degree,3,Thai,"['Deep Learning', 'Generative AI', 'AI for Games', 'Recommender Systems']","['Udemy', 'Google AI', 'edX', 'YouTube', 'DeepLearning.ai', '', 'Stanford Online', 'Coursera']","['Coursera', 'Google AI', 'MIT OpenCourseWare', 'Udemy', 'Kaggle', 'Stanford Online', 'Harvard Online', '', 'GitHub']",['OpenAI GPT']
63,4dbb3f5f-32ab-472a-9e71-667ab67b10a9,University,2,French,"['Robotics', 'Cognitive Computing', 'AI in Healthcare', 'AI Ethics', 'Expert Systems', 'Natural Language Processing', 'Reinforcement Learning', 'AI in Education', 'Autonomous Vehicles', 'Computer Vision', 'Generative AI', '', 'Sp']","['Harvard Online', 'MIT OpenCourseWare', 'edX', 'Udemy', 'DeepLearning.ai', 'Coursera']","['edX', 'MIT OpenCourseWare', 'Udemy', 'Coursera', 'YouTube', 'Harvard Online', 'DeepLearning.ai', 'Stanford Online', 'Kaggle', 'GitHub']","['', 'Weka', 'PyTorch', 'OpenAI GPT', 'BigML', 'Microsoft Azure AI', 'OpenCV']"
65,4e3d68ee-4bfe-455a-aeb9-db2ea2be8197,Master Degree,4,Bengali,"['AI in Education', 'Speech Recognition', 'Computer Vision', 'AI in Healthcare', 'Reinforcement Learning', 'Neural Networks', 'Autonomous Vehicles']","['Google AI', 'MIT OpenCourseWare', 'GitHub', 'edX', '', 'Kaggle', 'DeepLearning.ai', 'Udemy', 'YouTube']","['MIT OpenCourseWare', 'Google AI', 'Coursera', '', 'DeepLearning.ai', 'Kaggle']","['Keras', 'DataRobot', 'Microsoft Azure AI', 'OpenAI GPT', 'IBM Watson']"
66,500e2459-8c26-461d-bfb7-210a31f3cc9f,Undergraduate Degree,3,Turkish,"['Computer Vision', 'Reinforcement Learning', 'AI in Finance', 'Speech Recognition']","['YouTube', 'MIT OpenCourseWare', 'edX', 'Harvard Online', 'Kaggle', 'Coursera', '', 'GitHub']","['Udemy', 'Coursera', 'DeepLearning.ai', 'YouTube', 'MIT OpenCourseWare', '', 'Stanford Online', 'Kaggle', 'Google AI', 'GitHub']","['IBM Watson', 'Weka', '', 'OpenCV', 'Amazon SageMaker', 'RapidMiner', 'DataRobot', 'Google Cloud AI', 'Scikit-learn']"
68,52149be1-82fe-42be-a6ed-438b75fb5822,Elementary,1,French,"['Expert Systems', 'Robotics', 'AI Planning and Optimization', 'Speech Recognition', 'AI in Finance', 'AI in Healthcare', 'AI for Games', 'Generative AI', 'Recommender Systems', 'AI in Education', 'Deep Learning', 'Machine Lea']","['', 'YouTube']","['Stanford Online', 'Harvard Online', '']","['Amazon SageMaker', 'TensorFlow', 'Scikit-learn', 'DataRobot', '', 'Weka', 'Google Cloud AI', 'Microsoft Azure AI', 'RapidMiner', 'OpenAI GPT', 'Hugging Face Transformers']"
69,53437002-f368-4042-bfbf-c814170a4b1e,Middle School,2,Thai,"['Natural Language Processing', 'Neural Networks', 'Expert Systems', 'Reinforcement Learning', 'Computer Vision', 'AI for Games', 'AI Ethics', '', 'Deep Learning', 'Cognitive Computing', 'Speech Recognition', 'Autonomous Vehic']","['edX', 'DeepLearning.ai', 'YouTube', 'Kaggle']","['', 'Udemy', 'Google AI', 'Coursera', 'YouTube', 'edX', 'DeepLearning.ai']","['Google Cloud AI', 'Hugging Face Transformers', 'OpenCV', '', 'RapidMiner', 'Microsoft Azure AI', 'PyTorch', 'BigML', 'OpenAI GPT']"
70,53ca9efb-6c53-4dd0-9b04-0280f91f578d,Undergraduate Degree,3,Italian,"['Natural Language Processing', 'AI in Finance', 'AI Planning and Optimization', 'AI in Education', 'Generative AI', 'Autonomous Vehicles']","['Udemy', 'edX', 'Stanford Online', 'MIT OpenCourseWare', 'Google AI', '', 'Kaggle', 'GitHub']","['Stanford Online', 'DeepLearning.ai', 'Kaggle', 'Google AI', 'Udemy', 'GitHub', 'Coursera']","['Scikit-learn', 'OpenCV', 'OpenAI GPT', '', 'TensorFlow', 'IBM Watson', 'Microsoft Azure AI', 'Google Cloud AI', 'PyTorch', 'Keras', 'Weka', 'Amazon SageMaker', 'BigML', 'DataRobot', 'RapidMiner']"
71,549637cc-0594-4981-9146-dfdfc622413d,High School,0,Italian,"['AI for Games', 'AI in Finance', 'Recommender Systems', 'Generative AI', 'Speech Recognition', 'Reinforcement Learning', 'AI in Healthcare', 'Machine Learning', 'AI Planning and Optimization', 'Robotics', 'AI Ethics', '', 'Deep ']",['Harvard Online'],"['Google AI', 'Udemy', 'YouTube', '', 'DeepLearning.ai', 'edX']","['Hugging Face Transformers', 'BigML', 'TensorFlow', 'OpenAI GPT', 'Keras', '', 'RapidMiner', 'IBM Watson', 'Google Cloud AI', 'Microsoft Azure AI', 'Weka']"
72,568cb8a8-805c-41bd-b01d-0daa599ef577,Undergraduate Degree,3,Mandarin,"['Computer Vision', 'Robotics', 'Speech Recognition', 'AI in Healthcare', 'Cognitive Computing', 'Recommender Systems', 'Machine Learning', 'Generative AI', '', 'Reinforcement Learning', 'AI for Games', 'Expert Systems', 'Deep Le']","['Harvard Online', 'Coursera', '', 'YouTube', 'GitHub', 'Stanford Online', 'Google AI']","['DeepLearning.ai', 'Harvard Online', '', 'Coursera']","['OpenCV', 'Amazon SageMaker', 'RapidMiner', '', 'PyTorch', 'OpenAI GPT', 'Microsoft Azure AI', 'DataRobot', 'Keras', 'Google Cloud AI', 'IBM Watson', 'Weka']"
73,5837ce20-4210-4fb6-836a-0f7ba05114e5,Middle School,2,Swedish,"['AI Planning and Optimization', 'Natural Language Processing', 'AI in Finance', 'Robotics', 'Generative AI', 'Speech Recognition']","['Kaggle', 'Coursera', 'edX', 'Udemy']","['YouTube', 'Stanford Online', 'Udemy', 'Coursera', 'GitHub', 'MIT OpenCourseWare', 'Kaggle', 'Harvard Online', 'DeepLearning.ai', 'Google AI', '']","['Google Cloud AI', 'BigML', 'Keras', '', 'Scikit-learn', 'TensorFlow', 'PyTorch', 'Amazon SageMaker', 'IBM Watson']"
74,5948264c-ec22-4e28-b32c-a768ac38fdcb,University,2,English,"['Cognitive Computing', 'Natural Language Processing', 'AI for Games', 'Autonomous Vehicles', 'AI in Finance', 'AI Planning and Optimization', 'Neural Networks', 'Deep Learning', 'Computer Vision', 'AI in Healthcare', 'Rein']","['MIT OpenCourseWare', 'Google AI', 'GitHub', 'Stanford Online', 'Udemy', 'DeepLearning.ai']","['Kaggle', 'Coursera', '', 'Google AI', 'DeepLearning.ai', 'GitHub', 'YouTube', 'Udemy']","['', 'Amazon SageMaker', 'DataRobot', 'TensorFlow', 'BigML', 'Scikit-learn', 'Hugging Face Transformers', 'Microsoft Azure AI', 'OpenAI GPT', 'RapidMiner', 'Weka', 'Google Cloud AI']"
75,5a1a9941-8d51-4581-a3ab-f975956ff128,Undergraduate Degree,3,Japanese,"['Computer Vision', 'AI Ethics', 'Machine Learning', 'Autonomous Vehicles', 'Cognitive Computing', 'AI for Games', 'AI in Finance', 'Generative AI', 'Natural Language Processing', '', 'AI in Healthcare', 'Robotics']","['Coursera', 'Stanford Online', '', 'GitHub', 'Kaggle', 'DeepLearning.ai', 'edX', 'Udemy']","['Udemy', 'Harvard Online', 'edX']","['Hugging Face Transformers', 'RapidMiner', 'OpenAI GPT', 'Google Cloud AI', '', 'OpenCV', 'IBM Watson']"
76,5a9a3eec-e500-4682-ac6c-5a1ab41889e1,Elementary,1,Russian,"['Autonomous Vehicles', 'AI in Finance', 'Generative AI', 'Expert Systems']","['', 'edX']","['DeepLearning.ai', 'Coursera', 'Google AI', 'Harvard Online', 'Stanford Online', 'YouTube']","['Google Cloud AI', 'Microsoft Azure AI', 'OpenCV', 'Amazon SageMaker', 'Keras', 'Scikit-learn']"
77,5aa1af2d-a8c6-47dd-bd62-11d9bbfb9940,Master Degree,4,Polish,"['AI for Games', '', 'AI in Education', 'Natural Language Processing', 'Computer Vision', 'Deep Learning', 'AI Ethics', 'Reinforcement Learning', 'AI in Healthcare', 'Neural Networks', 'Autonomous Vehicles', 'Expert Systems', 'Co']","['Harvard Online', 'YouTube', '', 'Coursera', 'MIT OpenCourseWare', 'Udemy', 'Stanford Online', 'Google AI', 'edX']","['', 'MIT OpenCourseWare']","['Google Cloud AI', 'Microsoft Azure AI', 'Amazon SageMaker', 'Weka', 'BigML', 'RapidMiner', 'IBM Watson', 'Keras', 'DataRobot']"
79,5c6e3fda-9114-4a46-9d5f-d8ee70ebb9d8,Undergraduate Degree,3,Turkish,"['Cognitive Computing', 'Neural Networks', 'Autonomous Vehicles']","['Kaggle', 'Coursera', 'MIT OpenCourseWare', 'Google AI', 'GitHub', '', 'Udemy']","['Coursera', 'Harvard Online', '', 'MIT OpenCourseWare', 'Udemy']","['BigML', 'Google Cloud AI']"
80,5dae740f-f28b-4e4a-aadb-afc673ea559f,Undergraduate Degree,3,Polish,['AI in Finance'],"['Kaggle', 'DeepLearning.ai', 'Harvard Online', 'Udemy', 'Coursera', '', 'GitHub', 'YouTube']","['edX', 'Harvard Online', 'DeepLearning.ai', 'MIT OpenCourseWare', 'GitHub', 'Coursera', 'Stanford Online', 'YouTube']","['Microsoft Azure AI', 'Weka', 'BigML', 'OpenCV', 'DataRobot']"
81,5e629ec7-ecbf-4ea6-aa78-14d2ca5f4c5f,High School,0,Italian,"['Natural Language Processing', 'Machine Learning', 'Speech Recognition', 'Reinforcement Learning', 'AI in Finance', 'Robotics', 'AI for Games', 'Autonomous Vehicles', 'Deep Learning', 'Neural Networks']",['MIT OpenCourseWare'],"['Harvard Online', 'MIT OpenCourseWare', 'Coursera', 'edX', '', 'DeepLearning.ai', 'Google AI']","['BigML', 'Google Cloud AI', '', 'IBM Watson', 'Amazon SageMaker', 'Microsoft Azure AI', 'TensorFlow', 'DataRobot', 'OpenCV', 'RapidMiner', 'Hugging Face Transformers', 'Scikit-learn', 'Keras', 'Weka']"
84,630c6ec3-d87b-498d-9ba2-8f9609d10a53,High School,0,Korean,"['Reinforcement Learning', 'AI in Education', 'Cognitive Computing', 'AI Ethics']",['Coursera'],['edX'],"['Amazon SageMaker', 'Microsoft Azure AI', 'OpenCV', 'PyTorch', 'DataRobot', 'BigML', '', 'Scikit-learn', 'IBM Watson']"
86,63c941d4-03a8-4c7c-bd72-d64d7d2197d7,Master Degree,4,Japanese,"['Expert Systems', 'Deep Learning', 'AI Planning and Optimization', '', 'AI in Finance']","['Kaggle', 'edX', 'GitHub', 'Coursera', 'Stanford Online', 'Google AI', 'DeepLearning.ai', 'Udemy', 'MIT OpenCourseWare']","['', 'edX', 'YouTube', 'MIT OpenCourseWare', 'Coursera']","['OpenAI GPT', 'Scikit-learn', '', 'Weka', 'Hugging Face Transformers', 'RapidMiner']"
87,66bab512-3ea1-44f9-a5a1-1d31461b424e,Elementary,1,Arabic,"['Reinforcement Learning', '', 'AI Ethics', 'AI in Healthcare', 'Machine Learning', 'AI in Education', 'Neural Networks', 'AI Planning and Optimization', 'Computer Vision', 'Autonomous Vehicles', 'Cognitive Computing', 'AI for']","['Kaggle', 'Google AI']","['MIT OpenCourseWare', 'Stanford Online', 'Google AI', 'Coursera', 'GitHub', 'Harvard Online']","['Keras', 'Google Cloud AI', 'Weka', 'OpenAI GPT', 'Scikit-learn', 'BigML', 'IBM Watson', 'PyTorch', 'Amazon SageMaker']"
88,67853634-2106-4a00-b40a-a6a29c287aac,Middle School,1,Dutch,"['AI Planning and Optimization', 'AI in Finance', 'AI in Education']","['Kaggle', '', 'GitHub']","['edX', 'YouTube', '', 'DeepLearning.ai', 'Harvard Online', 'Coursera', 'MIT OpenCourseWare', 'Stanford Online', 'GitHub', 'Google AI']","['TensorFlow', 'Keras', 'IBM Watson', 'BigML', 'Hugging Face Transformers', 'DataRobot', '', 'RapidMiner']"
89,688893d2-6e41-4504-a623-0c2431234b4a,High School,0,Spanish,"['Machine Learning', 'AI in Healthcare', 'AI Planning and Optimization', 'Computer Vision', 'AI Ethics', 'Generative AI', 'Neural Networks', 'Reinforcement Learning', 'AI in Education']",['Coursera'],"['YouTube', 'Google AI', 'Kaggle']",['TensorFlow']
91,6bbb4841-40a0-46c2-a805-6b760e59fbe1,Master Degree,4,Arabic,"['AI for Games', 'Robotics', 'Natural Language Processing', 'AI in Finance', 'Deep Learning', 'Machine Learning', 'Autonomous Vehicles', 'Neural Networks', 'Recommender Systems', 'AI Ethics', 'AI in Education', 'AI in Healthca']","['Coursera', 'edX', 'GitHub', 'DeepLearning.ai', 'Google AI', 'Udemy', 'MIT OpenCourseWare', '', 'Kaggle']","['Stanford Online', 'edX']","['Google Cloud AI', 'TensorFlow']"
92,6c3f0554-ca74-448c-bce0-f47b9a6b4026,High School,0,Polish,"['AI in Healthcare', 'Neural Networks', 'Autonomous Vehicles', 'Speech Recognition', 'Machine Learning', 'AI for Games', 'AI Ethics', 'AI in Education', 'Robotics']",['DeepLearning.ai'],"['Udemy', 'Coursera', 'GitHub']","['DataRobot', '', 'Weka', 'OpenCV']"
93,6ecaff71-ffd7-4863-93f3-e75a066f9ed5,University,2,Hindi,"['', 'Speech Recognition', 'Computer Vision', 'Recommender Systems', 'Deep Learning', 'Autonomous Vehicles', 'AI Ethics', 'Expert Systems']","['', 'YouTube', 'edX', 'DeepLearning.ai', 'Stanford Online', 'GitHub']","['YouTube', 'Google AI', 'Udemy', 'Coursera', '', 'Stanford Online', 'Harvard Online', 'DeepLearning.ai', 'edX', 'MIT OpenCourseWare']","['Hugging Face Transformers', 'IBM Watson', 'PyTorch', 'Weka']"
94,6f92e35f-e4f6-4197-ab46-f80e9f236586,Master Degree,4,Vietnamese,"['Deep Learning', 'Machine Learning', 'AI in Education', 'AI Ethics', '', 'Expert Systems', 'Natural Language Processing', 'Neural Networks', 'Recommender Systems', 'Speech Recognition']","['Udemy', 'Kaggle', 'Coursera', 'YouTube', '', 'Stanford Online', 'DeepLearning.ai', 'MIT OpenCourseWare', 'Google AI']","['Udemy', 'MIT OpenCourseWare']","['Hugging Face Transformers', '', 'RapidMiner', 'TensorFlow', 'Microsoft Azure AI', 'DataRobot', 'OpenAI GPT', 'Weka', 'PyTorch', 'IBM Watson', 'Google Cloud AI', 'Amazon SageMaker']"
96,75094651-b8e1-436b-9d53-168c8a4c04c0,Undergraduate Degree,3,Dutch,"['AI in Education', 'Robotics', 'AI in Healthcare', 'Machine Learning', 'Cognitive Computing', 'Natural Language Processing']","['edX', 'DeepLearning.ai', 'Udemy', '', 'MIT OpenCourseWare', 'Harvard Online', 'Kaggle']","['Harvard Online', 'GitHub', 'Udemy', 'YouTube', 'MIT OpenCourseWare', 'Google AI', 'edX', '', 'Coursera']","['Google Cloud AI', 'BigML', 'Weka', 'DataRobot', 'Scikit-learn', 'TensorFlow', 'OpenCV', '']"
97,75fd094f-1310-4c62-bc83-0df19b4ba7d6,High School,0,Swedish,"['Cognitive Computing', 'AI Ethics', 'AI in Healthcare', 'AI Planning and Optimization', 'Natural Language Processing', 'Speech Recognition', 'Machine Learning', 'Recommender Systems', 'Autonomous Vehicles', 'Neural Netw']",['Coursera'],"['Coursera', 'Google AI', 'GitHub', 'YouTube', 'Harvard Online', 'Stanford Online']","['Hugging Face Transformers', 'Weka', 'Amazon SageMaker', 'DataRobot', 'BigML', 'PyTorch', 'TensorFlow', 'Keras', 'IBM Watson']"
98,76c9c27a-d588-4b0f-9301-a92f5a6242f3,Master Degree,4,Italian,"['Expert Systems', 'Speech Recognition', 'Deep Learning', 'Generative AI', 'AI Planning and Optimization', 'AI in Healthcare', 'Neural Networks', 'Recommender Systems', 'Natural Language Processing', 'Cognitive Computing']","['', 'GitHub', 'Coursera', 'Udemy', 'DeepLearning.ai', 'YouTube', 'Stanford Online', 'MIT OpenCourseWare', 'Google AI']","['YouTube', 'Udemy', 'Harvard Online', 'DeepLearning.ai', 'Stanford Online', '', 'MIT OpenCourseWare', 'GitHub']","['RapidMiner', 'BigML']"
101,7c852755-26a2-4e37-ab3d-f51082e6983e,Elementary,1,Italian,"['', 'AI in Finance', 'AI for Games', 'AI in Education', 'Neural Networks', 'Generative AI', 'Machine Learning', 'Autonomous Vehicles', 'Cognitive Computing']","['Udemy', 'Kaggle']","['Harvard Online', 'MIT OpenCourseWare', 'Google AI', 'Kaggle', 'Udemy', 'edX', '', 'DeepLearning.ai']","['TensorFlow', 'RapidMiner', 'OpenCV', 'Keras', 'Microsoft Azure AI', 'Amazon SageMaker', 'DataRobot', 'PyTorch', 'BigML', 'Scikit-learn', 'Hugging Face Transformers', '', 'OpenAI GPT']"
104,7fcc1027-6f58-4eaf-8885-574eba7d2e5f,Undergraduate Degree,3,Turkish,"['Robotics', 'AI in Finance', 'Recommender Systems', 'AI for Games', 'AI Ethics', 'Autonomous Vehicles', 'Computer Vision', 'AI in Education', 'Generative AI', 'Neural Networks', 'Deep Learning', 'Speech Recognition', 'Machine Le']","['GitHub', 'DeepLearning.ai', 'Stanford Online', 'YouTube', 'Coursera', 'Udemy', '']","['edX', 'Udemy', '']","['', 'DataRobot', 'Microsoft Azure AI', 'TensorFlow', 'BigML', 'Hugging Face Transformers', 'Scikit-learn']"
105,80801e4a-fbfd-4f31-aa43-8a98ce5c3abe,Elementary,1,Japanese,['Computer Vision'],"['Coursera', '']","['DeepLearning.ai', 'Kaggle', 'Google AI', 'Coursera', 'GitHub', '', 'MIT OpenCourseWare', 'Stanford Online']","['DataRobot', 'Scikit-learn', 'IBM Watson', 'Google Cloud AI']"
106,816d61b5-509c-4ab1-918d-4c6112e4fe54,High School,0,Turkish,"['AI Ethics', 'Generative AI', 'Deep Learning', 'Computer Vision', 'Reinforcement Learning', 'AI in Finance']",['edX'],"['GitHub', '']","['IBM Watson', 'Google Cloud AI', 'Amazon SageMaker', 'Scikit-learn']"
107,81bfc917-85c3-473f-ad29-06df89b3b5e5,Undergraduate Degree,3,Korean,"['Deep Learning', 'AI Ethics', 'AI in Education']","['MIT OpenCourseWare', 'Google AI', 'Stanford Online', 'Coursera', 'Kaggle', 'DeepLearning.ai', '']","['YouTube', 'Harvard Online', 'DeepLearning.ai', 'edX']","['DataRobot', 'OpenCV', 'Google Cloud AI', 'Amazon SageMaker', 'TensorFlow', 'Hugging Face Transformers', 'Keras', 'OpenAI GPT', 'Scikit-learn', 'Microsoft Azure AI', 'BigML']"
108,822fdd83-549e-4ee8-a2e4-c914c675dfa8,Undergraduate Degree,3,English,"['Computer Vision', 'AI in Healthcare', 'Machine Learning', 'Natural Language Processing', 'AI for Games', 'AI in Finance', 'Autonomous Vehicles', 'AI Ethics', 'Robotics']","['YouTube', 'edX', 'Udemy', 'MIT OpenCourseWare', 'Google AI', '', 'Coursera']","['DeepLearning.ai', 'Harvard Online', 'GitHub', 'edX', 'YouTube', 'Google AI', 'MIT OpenCourseWare', 'Udemy', 'Coursera', 'Stanford Online']","['IBM Watson', 'Hugging Face Transformers', 'Weka', 'Amazon SageMaker', 'Google Cloud AI', 'RapidMiner', 'OpenCV', 'DataRobot', 'BigML']"
109,853aa715-51c6-4156-a38d-f15717603007,High School,0,Korean,"['', 'Computer Vision', 'AI Ethics', 'Autonomous Vehicles', 'Expert Systems', 'AI for Games', 'AI in Education', 'Reinforcement Learning', 'Recommender Systems', 'Cognitive Computing', 'AI in Healthcare', 'Neural Networks']",['MIT OpenCourseWare'],"['GitHub', 'Google AI']","['Keras', 'IBM Watson', 'Microsoft Azure AI', 'Amazon SageMaker', 'Weka', 'Google Cloud AI', 'DataRobot']"
110,864f0922-bd49-4fb4-81b1-f8541ac73af1,Middle School,2,English,"['Speech Recognition', 'AI for Games', 'Natural Language Processing', 'Machine Learning', 'Reinforcement Learning', 'AI in Healthcare']","['Harvard Online', 'YouTube', 'Coursera', 'Kaggle']","['MIT OpenCourseWare', 'Google AI', 'GitHub']","['Hugging Face Transformers', 'IBM Watson', 'Scikit-learn', 'PyTorch', 'Microsoft Azure AI', 'OpenAI GPT', 'TensorFlow', 'DataRobot', 'Keras', 'Amazon SageMaker', 'OpenCV', 'Weka', 'RapidMiner']"
111,874dd59a-0bd3-4b76-989b-1f244dda9510,High School,0,English,"['Recommender Systems', 'Natural Language Processing', 'Autonomous Vehicles', 'AI Ethics', 'Neural Networks', 'AI Planning and Optimization', 'Speech Recognition']",['edX'],"['DeepLearning.ai', 'MIT OpenCourseWare', 'YouTube', 'Stanford Online', 'Kaggle']","['Keras', 'IBM Watson', 'PyTorch', 'TensorFlow', 'Scikit-learn']"
112,87efaa5b-4403-400c-8add-915e5d65cc4d,University,2,Spanish,"['AI for Games', 'Robotics', 'Computer Vision', 'AI in Finance', '', 'Expert Systems']","['Stanford Online', 'Udemy', 'Kaggle', 'GitHub', 'MIT OpenCourseWare', '']","['DeepLearning.ai', 'edX', 'Harvard Online', 'Udemy', 'Coursera', '', 'Stanford Online']",['Microsoft Azure AI']
113,8837995e-9134-40ef-81f3-ab53f01f0a00,Elementary,1,Hindi,"['', 'AI in Finance', 'AI Planning and Optimization', 'Neural Networks', 'Cognitive Computing', 'AI for Games', 'Recommender Systems', 'Autonomous Vehicles', 'Speech Recognition', 'Machine Learning', 'Expert Systems', 'AI Ethi']","['Kaggle', 'MIT OpenCourseWare']","['edX', 'Google AI', 'Coursera', 'Udemy', 'Harvard Online', 'YouTube', 'Stanford Online', 'GitHub', '']",['Scikit-learn']
114,88856b45-249b-4775-a467-883f22b22f28,Middle School,1,Russian,"['AI for Games', 'Expert Systems', 'AI in Healthcare', 'Reinforcement Learning', 'AI in Education', 'Natural Language Processing', 'Speech Recognition', 'Robotics', 'Generative AI', 'Computer Vision', 'Deep Learning', 'Cogniti']","['Harvard Online', 'DeepLearning.ai', 'Stanford Online']","['Harvard Online', 'YouTube', 'GitHub', 'Kaggle', 'Udemy']","['OpenCV', 'PyTorch', 'Hugging Face Transformers', 'Weka', 'Scikit-learn', '', 'BigML', 'DataRobot', 'TensorFlow', 'Keras', 'Google Cloud AI', 'Amazon SageMaker', 'RapidMiner', 'OpenAI GPT']"
115,88916d98-af04-40e7-a3f1-ffce311b64be,Elementary,1,French,"['AI in Healthcare', 'Autonomous Vehicles', 'AI Ethics', 'Natural Language Processing', 'AI Planning and Optimization', 'Machine Learning']","['Stanford Online', 'Harvard Online']","['Harvard Online', 'Coursera', 'DeepLearning.ai', '', 'MIT OpenCourseWare', 'Kaggle']","['Hugging Face Transformers', 'Amazon SageMaker', 'Weka', 'Keras', 'TensorFlow', 'Google Cloud AI', 'Scikit-learn', 'DataRobot', 'OpenAI GPT', '']"
116,89255034-1b6f-43de-a882-b2f4faf3e0ab,Undergraduate Degree,3,German,"['Robotics', 'AI Planning and Optimization', 'AI in Finance', 'Generative AI', 'Autonomous Vehicles', 'Recommender Systems']","['edX', 'GitHub', 'MIT OpenCourseWare', 'Kaggle', 'Harvard Online', 'Coursera', 'Udemy']","['', 'MIT OpenCourseWare', 'DeepLearning.ai', 'GitHub', 'Stanford Online', 'Kaggle', 'Udemy']","['PyTorch', 'OpenCV', 'Microsoft Azure AI', 'Weka', 'Amazon SageMaker', 'RapidMiner', 'Keras', '', 'BigML', 'Google Cloud AI', 'IBM Watson', 'DataRobot', 'TensorFlow', 'Scikit-learn', 'OpenAI GPT']"
117,89dc1eb1-2764-4327-977b-8e5b56de811a,Undergraduate Degree,3,Russian,"['Robotics', 'AI Planning and Optimization', 'Computer Vision', 'Cognitive Computing', 'Recommender Systems', 'Speech Recognition', 'Expert Systems', 'Deep Learning', 'Autonomous Vehicles', 'AI in Healthcare', '', 'AI for Game']","['', 'Coursera', 'Kaggle', 'Google AI', 'YouTube', 'edX', 'Harvard Online', 'DeepLearning.ai']","['Google AI', 'Harvard Online', 'DeepLearning.ai', 'Stanford Online', 'MIT OpenCourseWare', 'GitHub', 'Coursera']","['Scikit-learn', 'OpenAI GPT', 'Weka', 'IBM Watson', '', 'Keras', 'TensorFlow', 'BigML', 'OpenCV', 'PyTorch', 'DataRobot', 'Microsoft Azure AI', 'Google Cloud AI']"
118,8c5c12ad-3da6-4d4c-b5ae-5d10550e34a8,Undergraduate Degree,3,German,"['AI in Healthcare', 'Cognitive Computing', 'AI Planning and Optimization', 'AI Ethics', 'Reinforcement Learning', 'AI in Finance', 'Speech Recognition', 'Robotics', 'Machine Learning', 'AI for Games', 'Generative AI']","['Harvard Online', 'YouTube', 'MIT OpenCourseWare', 'GitHub', 'Coursera', 'Stanford Online', 'Google AI', 'edX']","['DeepLearning.ai', 'Udemy', 'Harvard Online']","['Amazon SageMaker', 'Google Cloud AI', 'Scikit-learn', 'BigML', 'IBM Watson', 'OpenAI GPT', 'Hugging Face Transformers', 'DataRobot', 'Keras', 'OpenCV', 'RapidMiner', 'Weka']"
119,8e349b4f-4710-47f6-a79c-27e580403224,Undergraduate Degree,3,Turkish,"['Neural Networks', 'Natural Language Processing', 'Computer Vision', 'AI in Education', 'Machine Learning', 'AI Planning and Optimization', 'Expert Systems', 'Cognitive Computing', 'Autonomous Vehicles', 'AI Ethics']","['', 'YouTube', 'Google AI', 'Coursera', 'MIT OpenCourseWare', 'DeepLearning.ai', 'Harvard Online', 'edX']",['DeepLearning.ai'],"['Microsoft Azure AI', 'Keras', 'RapidMiner', 'TensorFlow', '', 'Google Cloud AI', 'Weka', 'IBM Watson', 'PyTorch', 'Amazon SageMaker', 'OpenAI GPT', 'Scikit-learn', 'BigML', 'DataRobot']"
120,93e8e9ff-3945-4786-a197-1a0fa2c504f3,High School,0,Turkish,"['AI in Education', 'Robotics', 'AI for Games', 'Neural Networks', 'Machine Learning', 'Speech Recognition', 'AI in Finance', 'Reinforcement Learning', 'Cognitive Computing', 'AI Planning and Optimization', 'Computer Vision']",['Coursera'],"['edX', 'Harvard Online', 'Google AI']","['PyTorch', 'Google Cloud AI', 'IBM Watson', 'Microsoft Azure AI', 'Scikit-learn', 'Amazon SageMaker', '', 'BigML', 'RapidMiner']"
121,959c1a85-ff8c-4277-b8a4-2b4f44195aae,High School,0,Dutch,"['AI in Finance', 'Recommender Systems', 'AI Ethics', 'Reinforcement Learning', 'AI Planning and Optimization', 'Deep Learning', 'AI in Education', 'Autonomous Vehicles', 'Speech Recognition', 'Cognitive Computing', '', 'Robot']",['Harvard Online'],"['Harvard Online', 'Kaggle', 'Udemy', 'edX']","['PyTorch', 'BigML', 'Hugging Face Transformers', 'Scikit-learn', 'OpenCV', 'TensorFlow', 'Google Cloud AI', 'Keras', 'OpenAI GPT', 'IBM Watson', '', 'RapidMiner']"
122,968359c3-863d-41ea-815e-72514bc1f859,Middle School,1,Japanese,"['Recommender Systems', 'Expert Systems', 'Reinforcement Learning', 'Computer Vision', 'Natural Language Processing', 'AI in Healthcare', 'Speech Recognition', 'Deep Learning', 'Generative AI', 'Cognitive Computing', 'Machi']","['Google AI', 'MIT OpenCourseWare', 'Coursera']","['edX', 'Google AI', 'Kaggle', 'GitHub', 'MIT OpenCourseWare', '']","['BigML', 'Microsoft Azure AI']"
123,973f73e7-797e-4ed3-ac5a-8a0d3b65fe26,Undergraduate Degree,3,Spanish,"['AI in Education', 'AI Planning and Optimization', '', 'Natural Language Processing', 'Expert Systems', 'Recommender Systems', 'Robotics', 'Autonomous Vehicles', 'Machine Learning']","['Udemy', 'Coursera', 'Google AI', 'Kaggle', 'Stanford Online', 'DeepLearning.ai', 'edX']","['YouTube', 'Coursera', 'edX']","['Hugging Face Transformers', 'Weka', '', 'OpenCV', 'IBM Watson', 'OpenAI GPT', 'Google Cloud AI', 'TensorFlow', 'Microsoft Azure AI', 'BigML', 'RapidMiner', 'Amazon SageMaker', 'PyTorch']"
127,9ff4d9b0-9834-44f2-83d1-60b2f8e5e49c,Middle School,2,Italian,"['AI in Education', 'Machine Learning', 'Cognitive Computing', 'Natural Language Processing', 'Reinforcement Learning']","['Kaggle', 'Coursera', 'Stanford Online', 'DeepLearning.ai']","['Udemy', 'DeepLearning.ai', 'Google AI', 'Kaggle', 'Coursera', 'edX', 'Harvard Online']","['Amazon SageMaker', 'Scikit-learn', 'Hugging Face Transformers', 'DataRobot', 'OpenAI GPT', 'Keras', 'PyTorch', 'TensorFlow', 'OpenCV', 'IBM Watson', 'RapidMiner', 'Weka', 'Google Cloud AI', 'BigML', '']"
128,a0c55c27-e49d-4577-a39e-b10db0425e0a,Master Degree,4,Hindi,"['Recommender Systems', 'Machine Learning', 'AI in Healthcare', 'Generative AI', 'Deep Learning', 'Speech Recognition', '', 'Neural Networks', 'Autonomous Vehicles', 'AI in Finance', 'AI in Education', 'Reinforcement Learning', '']","['', 'edX', 'Kaggle', 'Udemy', 'MIT OpenCourseWare', 'Coursera', 'Google AI', 'DeepLearning.ai', 'Stanford Online']","['Coursera', 'Kaggle', 'YouTube', 'MIT OpenCourseWare', 'Harvard Online']","['DataRobot', 'BigML', 'Google Cloud AI']"
129,a122f478-cfa7-4341-8621-13444fa64285,High School,0,Korean,"['Expert Systems', 'AI Planning and Optimization', '', 'Neural Networks', 'Deep Learning', 'Natural Language Processing', 'Machine Learning', 'Speech Recognition', 'Recommender Systems', 'Computer Vision', 'AI in Healthcare']",['Stanford Online'],"['Google AI', '', 'DeepLearning.ai', 'MIT OpenCourseWare']","['Hugging Face Transformers', 'Keras', 'RapidMiner', 'IBM Watson', 'TensorFlow', 'Scikit-learn', 'PyTorch', 'Amazon SageMaker', 'Microsoft Azure AI', 'OpenCV', 'Google Cloud AI']"
130,a428cb8a-753b-4fb6-b7b2-b9e05c1c103c,Undergraduate Degree,3,Turkish,"['AI in Healthcare', 'AI Planning and Optimization', 'AI for Games', 'Robotics', 'Natural Language Processing', 'Cognitive Computing', '', 'Computer Vision', 'Expert Systems', 'Generative AI']","['GitHub', 'Stanford Online', 'edX', '', 'Coursera', 'Kaggle', 'MIT OpenCourseWare']","['edX', 'YouTube', 'MIT OpenCourseWare', 'Harvard Online', 'Coursera', 'DeepLearning.ai']","['OpenCV', 'OpenAI GPT', 'RapidMiner', 'Amazon SageMaker', 'IBM Watson', 'Keras', 'Scikit-learn', 'Microsoft Azure AI', 'BigML']"
131,a4c05c4d-475c-4368-ac5c-e4208bf339da,Undergraduate Degree,3,Thai,"['AI in Education', 'Machine Learning', 'Computer Vision', 'Deep Learning', 'Recommender Systems', 'Natural Language Processing', 'AI Ethics', 'Neural Networks', 'Speech Recognition', 'Reinforcement Learning', '']","['DeepLearning.ai', 'edX', 'MIT OpenCourseWare', 'YouTube', 'Udemy', '', 'Harvard Online']","['Coursera', 'DeepLearning.ai', 'YouTube']","['Microsoft Azure AI', 'Amazon SageMaker', 'OpenCV', 'BigML', 'OpenAI GPT', 'Keras', 'DataRobot', 'PyTorch', 'Google Cloud AI', '', 'Hugging Face Transformers', 'RapidMiner']"
132,a5f2e493-321f-4a07-99b5-3bab86c85989,Undergraduate Degree,3,Greek,"['AI for Games', 'Deep Learning', 'Autonomous Vehicles', 'Machine Learning', 'Cognitive Computing', 'Natural Language Processing', 'Computer Vision', 'AI Ethics', 'AI Planning and Optimization', '', 'Neural Networks', 'Reinfor']","['Google AI', 'Kaggle', 'Harvard Online', 'MIT OpenCourseWare', '', 'Coursera', 'YouTube']","['GitHub', 'Coursera', 'Harvard Online', 'Kaggle', 'YouTube', 'Stanford Online', 'edX', 'Google AI', '', 'Udemy', 'DeepLearning.ai']","['BigML', 'PyTorch', 'Google Cloud AI', 'OpenCV', 'IBM Watson', 'OpenAI GPT', 'Amazon SageMaker', 'Microsoft Azure AI', 'Scikit-learn', 'RapidMiner']"
133,a67ba634-c726-4355-a480-76dac1c95545,Undergraduate Degree,3,Greek,"['Cognitive Computing', 'AI in Education', 'Autonomous Vehicles']","['edX', 'Udemy', 'Harvard Online', 'Stanford Online', 'GitHub', 'Kaggle', 'DeepLearning.ai']","['DeepLearning.ai', 'GitHub', 'Harvard Online', 'Udemy', 'Stanford Online', 'edX', '', 'Coursera']","['Hugging Face Transformers', '', 'OpenAI GPT', 'PyTorch', 'Amazon SageMaker', 'TensorFlow', 'BigML', 'Scikit-learn', 'OpenCV', 'Keras']"
134,a85963b8-2d6b-4667-a6f8-e2fd5913857b,Master Degree,4,Bengali,"['Recommender Systems', 'AI in Education', 'Reinforcement Learning', 'AI in Healthcare', 'Cognitive Computing', '', 'Robotics', 'Deep Learning', 'AI in Finance', 'Computer Vision']","['Udemy', 'DeepLearning.ai', 'Harvard Online', 'Coursera', 'Google AI', 'MIT OpenCourseWare', 'Stanford Online', 'Kaggle', '']","['Udemy', 'Google AI', 'Kaggle', 'YouTube', 'DeepLearning.ai', 'Coursera', 'edX', 'Harvard Online', 'GitHub']","['Google Cloud AI', 'Amazon SageMaker', 'RapidMiner', 'OpenAI GPT', 'Keras', 'Weka', 'IBM Watson', 'BigML', 'Microsoft Azure AI', 'Scikit-learn']"
135,a9a6eaea-cd0d-4485-9fbb-400f54503521,Undergraduate Degree,3,Turkish,"['AI for Games', 'Neural Networks', 'Deep Learning']","['DeepLearning.ai', 'MIT OpenCourseWare', 'Harvard Online', 'Udemy', 'Stanford Online', 'Kaggle', 'edX', 'Google AI']","['MIT OpenCourseWare', 'Google AI', 'Kaggle', 'Stanford Online', 'edX']","['Hugging Face Transformers', 'Microsoft Azure AI', 'IBM Watson', 'Weka', 'OpenAI GPT', '', 'RapidMiner', 'Amazon SageMaker', 'Scikit-learn', 'Keras', 'Google Cloud AI', 'BigML', 'OpenCV', 'PyTorch', 'DataRobot']"
136,aa04bb89-dbec-4747-8503-8fcdeb32b6d8,Middle School,1,Japanese,"['Neural Networks', 'Speech Recognition', '']","['YouTube', 'Google AI', 'Stanford Online']","['MIT OpenCourseWare', 'YouTube']","['RapidMiner', 'Keras', 'Scikit-learn', 'TensorFlow', 'Hugging Face Transformers', 'OpenAI GPT']"
138,aaaddb5a-9973-4539-8b7e-1fab9c3f5d24,Undergraduate Degree,3,Vietnamese,"['Machine Learning', 'Speech Recognition', 'AI Ethics', 'AI for Games', 'Computer Vision', 'Neural Networks', 'AI Planning and Optimization', 'Natural Language Processing', 'Generative AI', 'Recommender Systems', 'Expert Sy']","['YouTube', '', 'Kaggle', 'Stanford Online', 'GitHub', 'edX', 'Google AI', 'DeepLearning.ai']","['Udemy', 'Google AI', 'Harvard Online', 'Kaggle', '', 'DeepLearning.ai']","['OpenCV', 'TensorFlow', 'Weka', 'Google Cloud AI', 'PyTorch', 'OpenAI GPT', 'Hugging Face Transformers', 'IBM Watson', 'DataRobot', 'Amazon SageMaker', 'Microsoft Azure AI', 'Keras', '', 'RapidMiner']"
139,ab3cf65c-fe61-4237-9400-4995f0c646c6,University,2,Turkish,"['Recommender Systems', 'AI in Education', 'Speech Recognition', 'Robotics']","['Udemy', 'YouTube', 'MIT OpenCourseWare', 'GitHub', 'Google AI', 'Coursera']","['Coursera', 'Kaggle']","['Keras', 'TensorFlow', 'OpenCV', 'PyTorch', 'BigML', 'Hugging Face Transformers', 'Weka']"
142,b2e23835-6526-4ccf-8f91-f445501ed726,Undergraduate Degree,3,Turkish,"['Reinforcement Learning', 'AI in Healthcare']","['', 'MIT OpenCourseWare', 'Kaggle', 'edX', 'GitHub', 'Udemy', 'DeepLearning.ai', 'Stanford Online']","['Google AI', 'edX', 'MIT OpenCourseWare', 'DeepLearning.ai', 'Harvard Online', 'Coursera', 'YouTube']","['Hugging Face Transformers', 'Weka', 'TensorFlow', 'IBM Watson', 'OpenCV', 'DataRobot', 'Amazon SageMaker', 'Google Cloud AI']"
143,b3f1b677-ebbd-4dd2-8baf-4d0daf41c795,Middle School,1,Portuguese,"['AI for Games', 'Generative AI', 'AI in Finance', 'Autonomous Vehicles', '']","['Google AI', 'DeepLearning.ai', 'Kaggle']","['', 'Stanford Online', 'Kaggle', 'edX', 'DeepLearning.ai', 'GitHub', 'MIT OpenCourseWare', 'Harvard Online', 'Udemy', 'YouTube']","['Google Cloud AI', 'Keras', 'OpenAI GPT', 'Microsoft Azure AI', 'TensorFlow', 'DataRobot', 'Scikit-learn', 'Amazon SageMaker', 'BigML', '', 'OpenCV', 'IBM Watson']"
144,b49a8109-f821-4979-8207-0f92767b8bd5,Undergraduate Degree,3,Thai,"['Autonomous Vehicles', 'Deep Learning', 'Machine Learning', 'Recommender Systems', 'Computer Vision', 'Natural Language Processing', 'Reinforcement Learning', 'AI in Finance', 'Cognitive Computing', 'AI Planning and Opt']","['Coursera', 'MIT OpenCourseWare', 'GitHub', 'Google AI', 'Kaggle', '', 'Harvard Online', 'Stanford Online']","['Harvard Online', 'DeepLearning.ai', '', 'Stanford Online', 'Google AI', 'Udemy', 'edX', 'YouTube', 'MIT OpenCourseWare', 'Kaggle', 'Coursera']","['PyTorch', 'Microsoft Azure AI', 'IBM Watson', 'BigML', 'Amazon SageMaker', '']"
147,b7b8fab5-23e3-49d0-8453-8b087a6c10a8,University,2,Mandarin,"['AI for Games', 'Neural Networks', 'Machine Learning', 'Cognitive Computing', 'AI in Finance', 'AI in Education', 'Speech Recognition', 'AI Planning and Optimization', 'Recommender Systems', 'Natural Language Processing']","['Kaggle', 'Google AI', 'Coursera', 'Stanford Online', 'edX', 'DeepLearning.ai']","['edX', 'Stanford Online', 'Kaggle', 'DeepLearning.ai', 'Harvard Online', '', 'YouTube', 'Coursera', 'GitHub', 'MIT OpenCourseWare']","['Scikit-learn', 'DataRobot', '', 'OpenCV', 'TensorFlow', 'Amazon SageMaker']"
148,b89ec7b4-1984-4294-9f16-923a99709452,Middle School,2,Russian,"['Expert Systems', 'AI Ethics', 'Robotics', 'Recommender Systems', 'Deep Learning', 'Speech Recognition', 'Natural Language Processing', 'AI in Finance', 'Neural Networks', 'AI Planning and Optimization', 'Generative AI', '', 'Ma']","['edX', 'MIT OpenCourseWare', 'Stanford Online', 'DeepLearning.ai']","['Udemy', '', 'YouTube', 'Kaggle', 'Harvard Online', 'Google AI', 'GitHub', 'MIT OpenCourseWare', 'edX']","['BigML', 'OpenAI GPT', 'Weka', 'OpenCV', 'TensorFlow', 'Hugging Face Transformers', 'Google Cloud AI', 'PyTorch', 'Scikit-learn', 'Microsoft Azure AI']"
149,ba6edd22-c2dd-48e6-a670-de7470d96ec7,Undergraduate Degree,3,Thai,"['Speech Recognition', 'AI in Education', 'Cognitive Computing', 'Recommender Systems', 'Expert Systems', 'Neural Networks', 'AI for Games', 'Autonomous Vehicles', 'AI in Finance', '', 'Reinforcement Learning', 'Computer Visio']","['DeepLearning.ai', 'Udemy', 'Stanford Online', 'Kaggle', 'edX', '', 'YouTube']","['Harvard Online', 'MIT OpenCourseWare', 'GitHub', 'Google AI', 'Kaggle', 'edX', 'DeepLearning.ai', '', 'Coursera', 'YouTube', 'Udemy']","['Scikit-learn', '', 'Google Cloud AI', 'PyTorch', 'Microsoft Azure AI', 'Amazon SageMaker', 'DataRobot', 'IBM Watson', 'TensorFlow', 'Keras', 'OpenCV', 'Hugging Face Transformers']"
150,bb9e37c3-6a83-4527-89e9-ad4bfa63366e,Elementary,1,French,"['AI Ethics', 'Natural Language Processing', 'Computer Vision', 'AI Planning and Optimization', 'Generative AI', 'Reinforcement Learning', 'Deep Learning', 'AI for Games', 'Machine Learning', 'Cognitive Computing', 'Autonom']","['Harvard Online', 'Udemy']","['Udemy', 'Harvard Online', 'GitHub', 'Coursera', 'MIT OpenCourseWare', 'edX', '', 'Google AI', 'YouTube']","['OpenCV', '', 'Keras', 'Weka', 'OpenAI GPT']"
152,bc0f7ce7-ce33-4c42-a5df-59d2628650a4,University,2,Russian,"['AI in Education', '', 'AI for Games', 'AI Planning and Optimization', 'Generative AI', 'Computer Vision', 'AI Ethics', 'Deep Learning', 'Recommender Systems', 'AI in Healthcare']","['DeepLearning.ai', 'Google AI', 'Stanford Online', 'MIT OpenCourseWare', '', 'Harvard Online']","['edX', 'Google AI', 'DeepLearning.ai', 'GitHub', 'YouTube', 'Harvard Online']","['IBM Watson', 'RapidMiner', 'DataRobot', 'PyTorch', 'Weka', 'OpenAI GPT', 'OpenCV', 'Amazon SageMaker', 'Google Cloud AI', 'Keras', 'Scikit-learn', '', 'Hugging Face Transformers', 'TensorFlow', 'Microsoft Azure AI']"
155,c0c3da76-de07-47e3-b598-caf954698abe,Master Degree,4,Mandarin,"['AI in Healthcare', 'Computer Vision', 'Generative AI', 'Machine Learning', 'Recommender Systems']","['Google AI', 'GitHub', 'MIT OpenCourseWare', 'YouTube', 'Udemy', 'edX', '', 'Harvard Online', 'Stanford Online']","['Coursera', 'DeepLearning.ai', 'MIT OpenCourseWare', 'edX', 'YouTube', 'Google AI', '', 'GitHub', 'Stanford Online']","['DataRobot', 'OpenCV']"
156,c1491185-b05d-47cd-9f2e-1da90b20dc89,Master Degree,4,Russian,"['AI Ethics', '', 'AI in Finance', 'Reinforcement Learning', 'AI Planning and Optimization', 'Recommender Systems', 'AI in Education', 'Autonomous Vehicles', 'Cognitive Computing', 'Neural Networks']","['MIT OpenCourseWare', 'edX', 'GitHub', 'Google AI', 'Udemy', 'Harvard Online', 'Coursera', 'DeepLearning.ai', 'Kaggle']","['Harvard Online', 'DeepLearning.ai', 'Stanford Online']","['Hugging Face Transformers', 'DataRobot', 'Keras', 'Scikit-learn', 'Amazon SageMaker', 'BigML', 'IBM Watson', 'RapidMiner', 'TensorFlow', 'Microsoft Azure AI', 'OpenCV', 'Google Cloud AI', 'Weka']"
157,c1890403-678f-44d8-bc07-d4d4a1ff416e,University,2,Hindi,"['Robotics', 'Deep Learning']","['Coursera', 'YouTube', 'edX', 'Udemy', 'Harvard Online', 'MIT OpenCourseWare']","['Harvard Online', 'Google AI', 'MIT OpenCourseWare']","['DataRobot', 'BigML', 'TensorFlow', 'Microsoft Azure AI', 'RapidMiner', 'Scikit-learn', 'Weka', 'OpenCV', 'IBM Watson', 'Keras', 'PyTorch', 'OpenAI GPT']"
158,c3e1eeb1-af48-48be-8347-2b7b9f63f5b8,Undergraduate Degree,3,English,"['Robotics', 'AI in Education', 'AI in Healthcare', 'Computer Vision', 'Generative AI', 'Reinforcement Learning', 'Autonomous Vehicles', 'Speech Recognition', 'Machine Learning']","['Coursera', 'GitHub', 'Google AI', 'DeepLearning.ai', 'Kaggle', 'MIT OpenCourseWare', 'Harvard Online', 'YouTube']",['Coursera'],"['Scikit-learn', 'TensorFlow', 'Amazon SageMaker', 'OpenCV', 'RapidMiner', 'Keras', 'Google Cloud AI']"
160,c8b4391a-2ccc-42b0-b20c-8c7d677ea21c,Elementary,1,German,"['Speech Recognition', 'AI Ethics', 'Autonomous Vehicles', 'Expert Systems', 'Natural Language Processing', 'Cognitive Computing', 'Robotics', 'Deep Learning', '', 'Generative AI', 'Machine Learning', 'Computer Vision', 'Neural N']","['Coursera', 'GitHub']","['DeepLearning.ai', '', 'MIT OpenCourseWare', 'Google AI', 'edX', 'Udemy', 'Stanford Online', 'Kaggle', 'Harvard Online']",['OpenCV']
161,c9243acc-b857-4d9a-a8c5-230f77e21159,High School,0,Vietnamese,"['AI Ethics', '', 'Cognitive Computing', 'Machine Learning', 'AI for Games']",['Kaggle'],"['Coursera', 'Google AI']","['DataRobot', 'OpenAI GPT', 'OpenCV', 'Amazon SageMaker', 'Hugging Face Transformers', '', 'BigML']"
162,c9e8706c-4445-4d51-9cbb-cac66ffac845,University,2,Hindi,"['AI for Games', 'Reinforcement Learning', 'Cognitive Computing', 'Natural Language Processing', '', 'Robotics', 'AI in Finance', 'AI Ethics', 'AI in Education', 'Expert Systems', 'Generative AI', 'Speech Recognition', 'AI in Hea']","['Udemy', 'YouTube', 'Kaggle', 'Harvard Online', 'MIT OpenCourseWare', '']","['GitHub', 'Stanford Online', 'Coursera', '', 'YouTube', 'Harvard Online', 'DeepLearning.ai']","['', 'OpenAI GPT', 'DataRobot']"
164,cdd83670-8899-468c-8eba-ae5544497235,Middle School,2,Portuguese,"['Machine Learning', 'AI Ethics', 'Neural Networks', 'Autonomous Vehicles', 'Deep Learning', 'Speech Recognition', 'Expert Systems', 'AI for Games']","['Kaggle', 'YouTube', 'Udemy', 'Coursera']","['MIT OpenCourseWare', 'edX', 'YouTube', '', 'Google AI', 'Stanford Online', 'Udemy', 'GitHub', 'Coursera', 'Kaggle']","['IBM Watson', 'Hugging Face Transformers', 'OpenAI GPT', 'RapidMiner', '', 'Microsoft Azure AI', 'Amazon SageMaker', 'PyTorch', 'Keras', 'TensorFlow', 'Google Cloud AI']"
166,cf54a2bb-e0db-424e-878b-95c36722926d,Undergraduate Degree,3,Turkish,"['Reinforcement Learning', 'AI Ethics']","['Harvard Online', 'Google AI', 'MIT OpenCourseWare', 'GitHub', 'edX', 'Coursera', 'DeepLearning.ai']","['Stanford Online', 'GitHub', 'Coursera', 'edX', 'Google AI', 'Harvard Online', 'Udemy', '']","['Microsoft Azure AI', 'Hugging Face Transformers', 'Keras', '', 'Scikit-learn', 'Amazon SageMaker']"
167,d12388e8-0a7a-4fb5-8dc3-afaeeedc22a2,Middle School,2,Arabic,"['Recommender Systems', 'Expert Systems', 'Generative AI', 'Natural Language Processing', 'AI in Healthcare', 'Speech Recognition', 'Cognitive Computing', 'Machine Learning', 'AI Planning and Optimization', 'AI for Games']","['edX', 'Kaggle', 'DeepLearning.ai', 'YouTube']","['Coursera', 'Kaggle', 'YouTube', 'GitHub', 'DeepLearning.ai']","['OpenAI GPT', 'DataRobot', 'Hugging Face Transformers', 'Google Cloud AI', 'BigML', 'PyTorch', 'Scikit-learn', 'Microsoft Azure AI', 'RapidMiner', 'OpenCV']"
168,d1ddb925-4945-43e3-b4e0-0f931c9f649f,Middle School,1,Korean,"['Expert Systems', '', 'Generative AI', 'Computer Vision', 'Neural Networks', 'AI for Games', 'Autonomous Vehicles', 'Reinforcement Learning', 'Recommender Systems']","['Stanford Online', 'Harvard Online', 'GitHub']","['Harvard Online', 'YouTube', 'Udemy', 'DeepLearning.ai', 'Coursera']","['IBM Watson', 'Keras']"
169,d22dd8e2-57e4-4f0d-a90c-0c9b55cdff80,Undergraduate Degree,3,Polish,"['AI in Healthcare', 'Recommender Systems', 'Neural Networks', 'Natural Language Processing']","['edX', 'MIT OpenCourseWare', '', 'Google AI', 'Kaggle', 'Coursera', 'Stanford Online', 'GitHub']",['Google AI'],"['OpenAI GPT', 'Hugging Face Transformers', 'Microsoft Azure AI', 'OpenCV', 'Amazon SageMaker', 'RapidMiner', '', 'Google Cloud AI', 'IBM Watson', 'PyTorch']"
170,d2adea0f-a77e-4c3b-a5f7-9707d3cf1b68,Master Degree,4,Swedish,"['Natural Language Processing', 'Autonomous Vehicles', 'Recommender Systems', 'Generative AI', 'Deep Learning', 'AI in Finance', 'Robotics', 'Computer Vision', 'Neural Networks', '', 'AI for Games', 'AI in Healthcare', 'Reinforce']","['Kaggle', 'Stanford Online', 'edX', 'Udemy', 'MIT OpenCourseWare', 'GitHub', 'Google AI', 'DeepLearning.ai', 'YouTube']",['Udemy'],"['PyTorch', 'IBM Watson']"
171,d3e3d4ef-358a-4951-90ce-6c42854b16b3,Elementary,1,Turkish,"['Machine Learning', 'Reinforcement Learning', 'AI in Healthcare', 'Autonomous Vehicles', '', 'Deep Learning', 'Natural Language Processing', 'Cognitive Computing', 'Computer Vision', 'AI for Games', 'AI in Education']","['DeepLearning.ai', 'Stanford Online']","['DeepLearning.ai', 'MIT OpenCourseWare', 'GitHub', 'Google AI', 'Harvard Online', '', 'Coursera', 'YouTube', 'Stanford Online']","['TensorFlow', 'Scikit-learn', 'Amazon SageMaker', 'Hugging Face Transformers', 'RapidMiner', 'Weka', 'Keras', 'DataRobot', 'Microsoft Azure AI', 'PyTorch', '', 'BigML', 'OpenCV', 'OpenAI GPT', 'Google Cloud AI']"
174,dbff95ad-846a-4a44-804e-9edaae4287cf,Master Degree,4,Polish,"['AI in Education', 'AI Ethics', 'Machine Learning', 'Reinforcement Learning', 'Deep Learning']","['Kaggle', '', 'Udemy', 'MIT OpenCourseWare', 'DeepLearning.ai', 'Stanford Online', 'Coursera', 'Harvard Online', 'GitHub']","['', 'GitHub', 'YouTube', 'MIT OpenCourseWare', 'DeepLearning.ai', 'Stanford Online', 'Kaggle', 'Google AI', 'Harvard Online']","['OpenAI GPT', 'PyTorch', 'Microsoft Azure AI', 'OpenCV', 'Hugging Face Transformers', 'Scikit-learn', 'TensorFlow']"
175,dc5f5592-8837-43fb-9f43-3b4cfe549e93,High School,0,Hindi,"['Neural Networks', 'AI Planning and Optimization', 'Machine Learning', 'AI for Games', 'AI in Education', 'Generative AI', 'Cognitive Computing', 'Computer Vision', 'AI Ethics', 'Natural Language Processing']",['Stanford Online'],"['GitHub', 'Kaggle', 'edX', 'Stanford Online', '', 'Coursera', 'YouTube', 'DeepLearning.ai', 'Google AI', 'Udemy', 'MIT OpenCourseWare']","['Scikit-learn', 'Amazon SageMaker', 'BigML', 'IBM Watson', 'Google Cloud AI', 'RapidMiner', 'Weka', 'OpenCV', '', 'Keras', 'OpenAI GPT', 'TensorFlow', 'Hugging Face Transformers', 'Microsoft Azure AI']"
177,de6cdc05-3405-4dc6-a1b3-d886dfee68e8,Middle School,1,Polish,"['Speech Recognition', 'Recommender Systems', 'Neural Networks', 'Generative AI', 'AI Planning and Optimization', 'Robotics', 'Expert Systems', 'AI in Finance', 'Reinforcement Learning', 'AI in Education', '', 'Machine Learnin']","['GitHub', 'Udemy', '']","['MIT OpenCourseWare', 'Google AI']","['OpenAI GPT', 'Scikit-learn', 'DataRobot']"
179,e35c7d81-cd6c-41ab-ae6a-cd463988a78b,Middle School,2,Russian,"['Cognitive Computing', 'AI in Finance', 'Machine Learning', 'AI in Education', 'AI Ethics', 'Natural Language Processing', 'Deep Learning', 'AI Planning and Optimization', 'Neural Networks', 'AI in Healthcare', 'Autonomous']","['Udemy', 'Coursera', 'Stanford Online', 'MIT OpenCourseWare']","['GitHub', 'Kaggle']","['OpenAI GPT', 'TensorFlow', 'DataRobot', 'IBM Watson', 'Google Cloud AI', 'Microsoft Azure AI', 'Scikit-learn', 'Weka', 'Hugging Face Transformers', 'RapidMiner', 'PyTorch', 'BigML', 'OpenCV']"
181,e85d8f12-2b5b-4b44-82be-ee56e313169f,Undergraduate Degree,3,Bengali,"['Autonomous Vehicles', 'AI in Finance', 'AI Planning and Optimization', 'Recommender Systems', 'Cognitive Computing', 'AI in Healthcare', 'AI in Education', 'Reinforcement Learning', 'Robotics']","['DeepLearning.ai', 'MIT OpenCourseWare', 'Google AI', 'edX', 'Stanford Online', 'Harvard Online', '', 'GitHub']","['Google AI', 'DeepLearning.ai', '', 'edX', 'Harvard Online', 'MIT OpenCourseWare', 'Udemy', 'Coursera', 'YouTube']","['OpenCV', 'Amazon SageMaker', 'Weka', 'PyTorch', '', 'RapidMiner', 'Hugging Face Transformers', 'Google Cloud AI', 'TensorFlow', 'BigML', 'DataRobot', 'Microsoft Azure AI']"
183,ea1294b0-a846-4cc9-8e96-db05f934f868,University,2,Turkish,"['Deep Learning', 'AI for Games', 'Autonomous Vehicles', 'Speech Recognition']","['MIT OpenCourseWare', 'Kaggle', 'edX', 'GitHub', 'Google AI', 'DeepLearning.ai']","['MIT OpenCourseWare', 'Google AI', 'Coursera']","['Weka', '', 'Google Cloud AI', 'RapidMiner']"
184,ecd0ede5-99a5-423b-ac83-d364f87d8217,Middle School,1,Greek,"['AI in Finance', 'AI for Games', 'Neural Networks', 'Natural Language Processing', 'AI Ethics', 'AI in Education', 'Robotics', 'Speech Recognition', 'Cognitive Computing', 'AI in Healthcare', 'Recommender Systems', 'Autonomou']","['Google AI', 'GitHub', 'MIT OpenCourseWare']","['Udemy', 'Harvard Online', 'edX', 'Coursera', 'DeepLearning.ai', 'GitHub', '', 'Kaggle', 'MIT OpenCourseWare', 'YouTube', 'Stanford Online']","['Google Cloud AI', 'IBM Watson', 'TensorFlow', 'DataRobot', 'BigML', 'OpenAI GPT', 'OpenCV', 'RapidMiner', 'Scikit-learn', 'Weka', '', 'Hugging Face Transformers', 'Amazon SageMaker']"
185,ecd31a1f-f146-4e38-9d5c-068240efde59,Elementary,1,Hindi,"['AI in Healthcare', 'Generative AI', 'Natural Language Processing', 'Deep Learning', 'Recommender Systems', 'Autonomous Vehicles', 'Reinforcement Learning', 'Computer Vision', 'AI in Education', 'AI for Games', 'Speech Rec']","['Kaggle', 'GitHub']","['Harvard Online', 'Google AI', 'GitHub', 'MIT OpenCourseWare', '', 'Kaggle', 'Udemy', 'YouTube', 'DeepLearning.ai', 'Coursera']","['Scikit-learn', 'Weka']"
186,ee7a5ecf-4153-4acb-8ce0-328b715939fc,Elementary,1,Russian,"['AI in Education', 'Deep Learning', 'Reinforcement Learning', 'Expert Systems', 'Neural Networks', 'Machine Learning', '']","['', 'Google AI']","['YouTube', '', 'Harvard Online', 'Kaggle']","['PyTorch', 'DataRobot', 'Amazon SageMaker', 'OpenAI GPT', 'Scikit-learn']"
188,f168cfc6-3c61-4391-8a42-eba83b965668,Middle School,1,German,"['AI in Healthcare', '', 'Machine Learning', 'AI in Finance', 'AI Planning and Optimization', 'AI Ethics', 'Robotics', 'Computer Vision', 'AI for Games', 'Recommender Systems', 'AI in Education', 'Cognitive Computing', 'Neural Ne']","['DeepLearning.ai', 'Kaggle', 'Stanford Online']","['edX', 'Stanford Online', 'Udemy', 'Coursera', 'Google AI', 'Kaggle', '', 'GitHub']","['Google Cloud AI', 'Microsoft Azure AI', 'OpenCV', 'IBM Watson', 'PyTorch', '', 'BigML', 'TensorFlow', 'Scikit-learn', 'Keras', 'RapidMiner', 'Weka', 'OpenAI GPT']"
189,f290b5c8-f335-42d0-87ed-5092c22220e3,University,2,Vietnamese,"['Natural Language Processing', 'Computer Vision']","['MIT OpenCourseWare', 'Udemy', 'DeepLearning.ai', 'edX', 'GitHub', 'YouTube']","['Harvard Online', 'edX', 'Udemy', 'Google AI', 'YouTube', 'MIT OpenCourseWare', 'Coursera', 'DeepLearning.ai', 'Stanford Online', '']","['Hugging Face Transformers', 'RapidMiner', '', 'Keras', 'OpenAI GPT', 'Microsoft Azure AI', 'TensorFlow', 'Amazon SageMaker']"
191,f5e1d648-ff13-42cf-a4b2-30360faed51f,University,2,English,"['AI Planning and Optimization', 'Deep Learning', 'Autonomous Vehicles', 'Generative AI', 'Recommender Systems', 'Reinforcement Learning', 'AI in Finance', '']","['DeepLearning.ai', '', 'MIT OpenCourseWare', 'Harvard Online', 'Stanford Online', 'Google AI']","['Kaggle', '', 'Google AI', 'edX', 'Udemy', 'Coursera', 'Stanford Online', 'MIT OpenCourseWare', 'GitHub', 'Harvard Online', 'DeepLearning.ai']","['Microsoft Azure AI', 'TensorFlow', 'Keras', '', 'Weka']"
192,f61eb152-f587-4938-974b-ea1dac127ed0,Middle School,1,Polish,"['AI in Healthcare', 'Deep Learning', 'Generative AI', 'AI in Education', 'Autonomous Vehicles', 'Recommender Systems', 'Speech Recognition', 'Machine Learning', 'Robotics', 'AI Planning and Optimization']","['edX', 'Google AI', 'Udemy']","['Stanford Online', '', 'YouTube', 'Coursera', 'Udemy']","['Amazon SageMaker', 'DataRobot', 'TensorFlow', 'Weka']"
193,f6d0e8b3-29b2-46ba-a45d-9625a3dc8fd0,Undergraduate Degree,3,Thai,"['AI for Games', 'Computer Vision', 'Autonomous Vehicles', 'Deep Learning', 'Machine Learning']","['Coursera', 'YouTube', '', 'Stanford Online', 'Google AI', 'GitHub', 'Udemy', 'Kaggle']","['Harvard Online', 'Coursera', 'MIT OpenCourseWare', 'Stanford Online', 'GitHub', 'Kaggle', 'Google AI', 'Udemy']","['RapidMiner', 'Weka', 'Hugging Face Transformers', 'Google Cloud AI', 'PyTorch', 'TensorFlow', 'Amazon SageMaker', 'IBM Watson', 'OpenCV', 'Keras', 'Scikit-learn', 'OpenAI GPT', 'DataRobot', '']"
194,f7f61111-8082-493a-86f5-7ab871ea51ec,Middle School,1,Japanese,"['Cognitive Computing', 'Neural Networks', 'Machine Learning', 'Reinforcement Learning', 'Computer Vision', 'AI in Healthcare', 'Recommender Systems', 'Robotics', 'Deep Learning', 'Generative AI', 'AI Planning and Optimizat']","['edX', '', 'YouTube']","['Coursera', 'edX', 'MIT OpenCourseWare', '']","['Scikit-learn', 'Weka']"
195,f91f8a2a-8fab-40cb-8497-abdd29e40a89,University,2,Turkish,"['Cognitive Computing', 'Recommender Systems', 'Robotics', '']","['DeepLearning.ai', 'Google AI', 'Kaggle', 'Harvard Online', 'MIT OpenCourseWare', 'Stanford Online']","['', 'Harvard Online', 'Coursera', 'MIT OpenCourseWare', 'GitHub', 'DeepLearning.ai', 'YouTube']","['', 'Weka', 'RapidMiner', 'DataRobot', 'Scikit-learn', 'BigML']"
196,fb073621-813d-4404-a67f-bd36af48a5ed,Undergraduate Degree,3,Polish,"['AI Planning and Optimization', 'Cognitive Computing', 'Deep Learning', 'Neural Networks', 'Generative AI', 'AI in Healthcare', 'Expert Systems', 'Natural Language Processing', 'Speech Recognition', 'Computer Vision', 'Rob']","['DeepLearning.ai', 'GitHub', 'Udemy', 'Harvard Online', 'Coursera', 'edX', 'MIT OpenCourseWare', '']","['Stanford Online', 'Google AI', 'Kaggle', 'Coursera', 'Udemy']","['IBM Watson', '', 'Hugging Face Transformers', 'PyTorch', 'Scikit-learn', 'Google Cloud AI', 'TensorFlow', 'Amazon SageMaker', 'DataRobot', 'BigML', 'OpenCV', 'Weka', 'RapidMiner']"
198,fe8c831f-39df-4623-98b2-b3ced38095e9,Elementary,1,Turkish,['AI for Games'],"['Udemy', 'edX']","['Coursera', 'Harvard Online', 'DeepLearning.ai']","['PyTorch', 'DataRobot']"
199,ff518a77-4e07-4231-b34a-7ff2bb0a37f1,High School,0,Polish,"['Generative AI', 'Recommender Systems', '', 'AI in Education']",['Google AI'],"['MIT OpenCourseWare', 'Google AI', 'YouTube', 'Harvard Online']","['Google Cloud AI', 'PyTorch', 'Amazon SageMaker', 'BigML', '']"
200,ffa2eb2f-c387-40c3-b704-b0a021095dc0,High School,0,German,"['AI Planning and Optimization', 'AI in Education', 'Autonomous Vehicles', 'Expert Systems', 'Natural Language Processing', 'Computer Vision', 'Machine Learning', 'Neural Networks', 'AI in Healthcare', 'Cognitive Computi']",['GitHub'],"['edX', 'Coursera', 'Harvard Online', 'MIT OpenCourseWare', 'Kaggle', '']","['Microsoft Azure AI', 'BigML', '']"
